study_hours,sleep_hours,attendance,assignment_completion,previous_gpa,screen_time,self_study_hours,revision_frequency,test_frequency,exercise_hours,class_participation,target_gpa
4.4,5.6,78.6,78.9,8.18,4.4,5.4,5,3,0.1,9,8.82
9.6,5.5,90.3,50.3,7.99,4.0,1.1,1,5,0.0,9,7.72
7.6,9.4,88.0,92.3,4.56,2.6,2.3,2,4,5.7,6,7.43
6.4,5.5,57.7,76.8,9.35,6.5,6.3,2,7,0.4,4,7.59
2.4,5.6,57.5,49.4,7.3,5.3,4.5,2,4,11.7,10,6.24
2.4,8.6,63.4,97.7,6.11,8.8,7.5,1,3,2.7,8,6.52
1.5,6.7,68.1,71.1,8.39,1.3,3.7,6,3,5.7,2,7.62
8.8,8.7,70.4,44.4,5.49,6.8,7.0,7,5,0.7,9,7.85
6.4,4.4,84.0,77.6,8.02,7.9,3.9,1,2,6.3,6,6.61
7.4,6.9,52.8,55.2,4.23,7.8,7.8,0,6,4.6,7,5.75
1.2,4.2,51.7,88.2,8.87,9.0,7.7,5,5,0.5,10,6.42
9.7,4.4,69.6,89.1,6.6,7.6,3.0,6,7,4.0,9,7.66
8.5,9.4,84.9,98.7,7.69,9.4,7.1,5,2,4.7,4,8.34
2.9,4.8,59.7,70.1,5.28,4.0,6.9,6,2,11.9,6,6.0
2.6,7.2,82.1,67.3,7.93,5.5,2.1,6,2,2.5,5,6.94
2.7,6.5,63.0,85.2,8.48,1.1,5.2,4,5,6.5,2,7.95
3.7,6.1,94.3,47.9,6.74,1.1,1.0,0,0,11.8,6,6.42
5.7,9.4,94.8,72.8,7.58,3.2,6.8,3,0,9.5,8,8.21
4.9,4.1,64.9,72.8,6.65,1.9,1.8,2,4,11.9,2,6.43
3.6,8.0,61.5,45.4,9.19,3.3,1.0,1,0,11.6,5,6.47
6.5,9.8,70.6,65.1,6.89,2.6,3.5,4,0,5.9,7,6.64
2.3,7.4,62.0,91.2,8.88,1.3,4.8,4,2,8.4,10,8.01
3.6,9.6,83.6,91.4,8.65,9.2,6.9,6,2,1.3,9,8.16
4.3,4.3,91.3,46.0,6.38,1.1,7.8,1,3,5.3,3,6.41
5.1,6.5,83.7,45.4,5.33,7.6,3.8,0,2,9.7,4,5.41
8.1,5.6,91.2,55.8,6.36,2.4,1.0,4,5,6.1,6,7.78
2.8,8.4,69.8,92.5,8.79,9.2,6.1,5,3,8.4,8,8.04
5.6,9.9,57.8,47.7,5.32,9.0,4.7,0,6,8.9,4,4.9
6.3,5.5,86.9,83.2,7.04,6.9,3.9,1,3,3.0,8,7.05
1.4,7.9,68.0,46.1,8.68,7.1,2.8,6,7,10.5,6,7.27
6.5,5.2,83.6,77.4,6.05,1.0,4.3,0,0,5.5,7,6.08
2.5,7.4,63.5,61.4,7.72,9.9,3.0,6,7,2.5,7,7.11
1.6,6.8,54.1,87.3,5.42,8.9,6.2,5,2,10.4,5,5.98
9.5,9.8,99.6,54.0,4.63,9.1,4.6,2,0,5.0,9,6.1
9.7,7.7,57.8,78.4,8.61,6.9,7.1,6,2,9.0,10,8.57
8.3,6.1,99.4,54.1,4.57,4.1,4.6,6,0,6.6,3,7.07
3.7,4.7,98.9,82.8,5.57,9.0,2.3,7,6,4.6,10,7.26
1.9,4.9,89.7,92.4,8.96,3.6,6.9,1,0,9.7,5,7.73
7.2,5.4,83.0,47.6,6.01,6.1,4.7,5,0,7.0,7,6.15
5.0,5.5,78.9,92.0,9.64,1.9,2.1,1,5,4.7,8,8.44
2.1,9.1,93.3,75.6,9.68,9.3,5.2,5,6,1.3,5,8.41
5.5,7.4,64.5,47.6,5.56,2.3,3.2,5,7,10.7,9,6.98
1.3,7.1,73.4,65.7,4.24,3.0,6.8,4,4,0.4,9,6.9
9.2,4.7,81.0,49.7,8.09,6.0,3.9,4,6,10.4,2,7.15
3.3,9.2,70.6,82.0,6.62,7.9,5.9,4,0,4.3,9,6.7
7.0,8.3,71.4,85.5,4.58,6.6,1.2,2,1,7.7,4,6.01
3.8,4.4,66.5,46.3,8.1,3.1,3.5,2,1,11.1,6,6.24
5.7,8.2,78.2,70.4,4.18,1.0,7.9,5,1,1.8,9,7.34
5.9,7.3,92.5,88.9,9.05,7.8,6.6,3,5,6.8,7,9.14
2.7,4.5,60.1,96.2,4.8,9.9,1.7,1,3,9.2,5,4.16
9.7,6.7,96.7,70.8,4.74,8.3,2.6,4,7,9.1,5,7.72
8.0,6.9,84.5,97.0,5.02,5.1,3.0,1,0,6.3,5,7.29
9.5,5.0,91.2,72.1,9.57,9.1,5.4,6,6,7.5,7,8.74
9.1,9.7,77.8,63.7,8.02,4.7,6.2,5,1,9.1,8,7.98
6.4,9.1,89.0,90.9,8.65,5.7,6.1,0,5,10.1,6,8.2
9.3,8.0,50.8,69.6,6.31,5.3,4.3,5,3,9.1,9,6.7
1.8,6.8,90.9,68.3,5.95,5.0,6.6,2,7,4.2,8,7.35
2.8,6.5,52.0,69.4,5.36,8.0,3.8,3,1,12.0,9,5.32
1.4,7.9,94.5,90.8,6.79,5.7,1.4,0,2,5.2,5,6.91
3.9,7.3,99.6,89.9,7.2,3.9,4.7,1,4,0.3,9,8.2
4.5,4.4,64.7,64.2,7.66,3.3,7.6,2,0,4.4,7,6.25
3.4,7.1,60.5,60.0,5.49,1.3,6.4,4,4,1.5,4,6.6
8.5,8.8,88.3,69.5,9.5,6.2,4.8,0,4,1.5,9,8.29
4.2,6.8,62.7,74.4,4.98,3.1,5.4,2,2,3.4,8,6.6
3.5,4.3,93.3,54.3,9.6,2.3,7.5,1,2,0.6,6,7.74
5.9,8.7,55.1,87.6,4.09,6.9,3.7,5,2,8.3,5,6.51
2.3,5.2,56.3,69.2,6.79,7.1,3.0,1,3,0.9,2,5.62
8.2,5.6,99.0,60.0,5.93,7.8,7.8,0,1,2.4,4,6.66
1.7,5.0,83.7,46.4,6.6,5.5,7.0,7,6,1.1,3,6.78
9.9,6.0,92.3,54.3,7.31,9.0,2.9,0,0,0.8,9,6.83
8.0,8.5,66.2,97.0,6.53,9.4,4.0,5,2,3.2,9,7.44
2.8,7.1,83.8,58.3,6.41,8.3,3.6,0,5,6.9,6,6.19
1.0,5.2,79.7,50.1,8.25,6.7,1.6,3,7,11.6,6,6.96
8.3,9.3,80.2,67.6,7.98,3.7,7.7,4,0,10.5,5,7.59
7.4,9.3,84.1,58.4,8.83,9.8,3.5,2,7,10.5,2,7.33
7.6,9.2,78.8,42.1,5.45,3.5,7.1,5,6,2.1,2,7.22
7.9,5.4,71.5,59.4,7.54,2.8,1.9,1,0,3.2,7,6.66
1.7,6.7,63.8,72.6,7.39,5.0,4.6,1,0,0.9,5,6.27
4.2,9.9,88.4,73.1,6.14,1.5,0.7,4,2,9.3,5,6.83
2.0,8.6,61.3,61.4,6.82,9.8,6.2,0,2,0.8,4,5.19
8.8,4.2,84.6,66.8,5.82,6.3,4.9,0,1,6.7,10,6.38
6.6,4.4,61.7,97.9,4.82,6.0,5.2,1,6,3.0,4,5.75
4.0,6.8,81.3,62.6,5.24,6.9,0.9,4,2,2.9,9,6.41
1.6,9.5,87.4,55.5,4.61,5.5,2.1,1,2,11.9,3,5.33
3.8,7.2,60.9,54.6,7.96,1.3,1.1,0,0,9.1,5,6.0
3.9,7.0,53.0,67.5,7.83,6.5,2.7,5,1,10.0,2,6.48
7.6,4.6,56.5,85.6,9.51,7.4,5.2,2,4,6.9,6,7.11
6.7,7.9,80.3,52.4,8.23,4.8,4.7,0,2,10.5,3,7.5
9.0,8.9,92.5,82.6,4.3,7.8,5.1,5,5,7.7,2,6.92
5.2,6.3,52.2,41.3,9.13,3.0,4.6,2,2,11.4,2,6.57
2.1,8.7,86.7,65.1,9.0,3.0,2.5,6,4,3.4,3,7.99
7.4,9.8,67.1,86.6,6.57,2.5,2.3,3,0,7.1,6,6.54
7.8,5.2,73.9,60.3,7.4,4.3,1.5,4,6,8.3,10,8.01
6.1,7.1,96.4,73.8,9.66,8.6,6.9,5,1,4.7,7,8.91
7.9,5.7,66.6,52.3,7.09,8.5,5.1,3,0,10.6,5,6.15
5.4,8.8,73.3,84.5,9.25,4.4,1.9,0,6,11.8,4,7.82
5.7,7.5,50.7,43.1,4.48,6.3,1.8,6,3,5.9,9,5.83
4.8,7.8,54.1,91.2,5.11,7.5,7.0,4,2,4.7,4,6.09
1.2,8.8,62.9,51.9,6.56,3.2,6.1,5,6,5.7,2,6.95
2.0,6.4,51.4,92.5,7.39,2.5,5.4,6,5,10.2,5,7.52
1.3,9.5,81.6,61.2,8.73,9.7,3.6,7,6,7.7,6,7.3
6.7,7.2,71.3,83.4,9.73,6.6,2.5,0,3,0.5,6,8.09
3.8,4.9,77.4,59.2,6.26,9.8,7.8,4,2,6.5,6,6.18
5.6,8.2,58.7,94.4,4.28,4.0,6.5,7,3,0.2,9,7.47
9.2,8.8,64.8,47.6,8.65,7.3,2.8,4,4,9.3,9,7.22
3.2,5.9,83.2,50.7,7.51,3.0,6.9,0,2,3.9,5,6.79
4.7,9.1,98.3,69.6,5.15,3.4,6.2,0,5,5.7,10,7.42
7.8,9.4,52.5,44.9,6.87,5.6,2.7,6,2,9.6,2,5.9
3.1,5.7,94.5,51.8,8.31,3.9,3.7,6,3,0.6,6,8.32
1.7,9.9,78.8,96.6,8.47,2.5,1.9,5,7,1.9,6,7.79
3.6,4.8,78.2,98.6,6.9,3.4,1.3,4,1,4.8,6,6.9
2.5,5.2,75.0,62.6,5.77,1.3,5.9,5,3,2.8,9,6.73
9.4,5.1,53.5,95.4,9.65,7.3,2.5,6,2,4.1,10,7.46
8.3,9.4,54.5,72.7,7.85,5.4,6.7,4,7,12.0,4,7.35
6.7,7.9,80.0,56.2,6.37,1.8,8.0,5,2,9.9,10,8.1
8.8,4.9,67.0,82.1,5.63,2.5,1.1,0,6,10.6,9,6.79
8.2,6.6,95.9,79.5,8.24,1.9,4.0,0,7,11.2,4,9.23
2.7,7.7,70.3,99.3,5.4,6.5,6.5,7,1,4.1,3,7.45
9.0,4.5,57.2,55.9,5.0,1.8,6.4,1,0,3.6,5,5.46
5.9,9.3,85.7,80.3,7.07,7.8,6.2,6,1,2.8,3,7.5
8.3,8.8,64.7,43.1,5.68,1.2,3.1,5,0,10.0,5,6.35
9.1,7.0,76.3,46.8,7.65,3.2,3.9,1,5,8.2,6,7.0
3.9,9.8,84.9,40.2,4.68,9.0,5.0,1,2,2.8,3,4.44
2.0,6.5,95.0,100.0,7.8,7.5,7.8,3,6,4.5,9,8.71
3.1,9.9,89.6,88.1,5.64,1.7,3.0,4,7,6.1,2,7.54
4.8,8.0,83.8,87.2,4.0,8.4,7.4,2,4,6.3,4,6.52
8.4,7.8,84.0,70.6,4.74,5.4,2.5,3,4,10.7,8,6.88
8.7,5.0,97.3,58.0,9.41,8.6,7.9,6,3,4.6,2,8.54
1.1,9.3,64.8,49.1,9.03,6.4,5.5,7,1,10.9,3,7.22
5.6,6.6,50.1,57.1,5.35,7.1,4.0,4,7,5.3,4,6.27
4.8,5.0,63.6,62.6,8.51,9.9,5.1,2,1,9.0,3,6.16
3.0,4.1,60.9,85.4,7.53,3.1,2.5,1,7,11.2,3,6.32
2.1,7.4,83.1,72.4,9.63,6.6,2.6,7,4,10.9,7,8.83
4.0,7.2,81.7,44.6,6.17,5.1,1.4,2,0,0.7,8,6.17
9.5,8.3,79.7,41.1,7.95,1.4,1.4,0,1,2.5,7,7.27
3.9,9.3,50.8,46.1,4.37,1.1,3.1,6,0,5.7,7,5.38
5.7,4.5,86.4,64.6,6.3,2.1,6.2,7,0,5.2,10,7.33
7.3,8.4,66.2,96.0,9.59,6.8,5.1,0,0,7.7,9,7.73
4.3,5.1,83.3,78.2,7.13,6.1,1.3,5,0,11.3,9,6.95
9.7,9.1,77.8,88.1,5.67,6.0,6.9,7,6,1.3,7,8.6
9.7,8.9,67.1,68.0,4.7,1.3,5.0,7,3,5.4,6,7.2
3.3,7.2,56.7,61.7,8.08,5.2,7.7,4,3,2.3,10,7.69
5.5,8.3,54.7,46.5,7.74,9.3,5.5,3,6,10.7,3,6.55
3.7,5.9,91.6,92.6,6.17,4.6,1.8,6,4,11.6,8,7.91
3.6,6.8,95.9,87.0,9.52,6.6,4.1,1,7,5.7,7,9.23
1.3,8.9,82.5,50.1,4.13,8.0,5.4,6,3,1.2,8,5.75
6.5,6.8,55.2,70.7,5.76,8.1,0.7,4,7,9.4,5,6.74
5.5,6.1,70.1,69.2,9.34,5.7,0.6,7,5,8.4,10,8.56
1.5,7.0,86.4,77.5,5.86,8.7,1.5,1,6,4.3,8,6.55
3.5,9.0,89.0,96.8,5.46,4.5,2.4,0,1,10.6,3,6.31
9.2,6.0,55.9,74.8,7.1,9.0,3.7,6,5,11.7,5,7.13
3.2,5.0,50.0,72.4,8.78,3.2,4.2,3,6,6.7,6,7.17
2.3,8.3,85.6,43.0,4.6,3.5,1.5,3,3,6.8,3,5.51
5.4,9.0,67.8,43.8,9.47,1.5,5.6,0,1,3.6,9,7.26
9.9,4.6,62.7,51.2,8.61,8.2,5.0,2,7,7.0,2,6.55
3.2,5.4,50.6,41.9,5.05,4.8,2.7,3,1,5.3,4,4.78
7.0,4.9,77.0,84.6,8.13,3.1,0.6,2,7,3.6,2,8.06
7.9,6.1,92.6,83.4,6.23,3.1,1.1,1,0,0.8,6,7.01
3.1,6.7,97.9,48.2,6.33,9.1,3.4,3,4,3.0,9,7.18
7.6,8.5,78.3,90.2,8.54,8.5,1.7,5,0,2.4,8,7.88
4.3,7.9,75.7,49.3,9.58,6.0,3.3,7,6,6.5,10,8.35
6.7,7.7,54.3,58.1,4.73,6.5,5.2,0,0,7.2,3,5.21
6.7,6.1,77.4,54.9,6.44,5.3,4.6,7,5,7.3,9,7.62
5.8,9.0,69.0,62.3,6.79,4.5,2.2,7,7,4.7,9,7.79
1.8,6.8,80.4,55.3,6.18,9.2,3.1,6,7,5.1,7,6.72
8.5,9.9,69.4,69.3,6.11,2.1,5.1,2,3,10.0,4,6.58
3.9,7.8,62.0,64.4,4.3,4.8,7.0,5,7,5.7,3,6.73
2.7,4.8,54.7,99.2,7.98,4.1,6.1,1,5,11.9,9,7.17
1.4,8.1,65.7,43.4,6.53,5.5,4.7,1,3,5.3,7,5.52
6.3,6.0,54.8,48.5,5.13,5.1,3.2,3,5,7.8,5,5.92
7.1,8.1,58.8,43.2,8.73,5.7,3.2,3,1,0.6,6,6.54
1.1,4.4,99.4,77.6,8.65,2.3,7.1,5,3,7.8,6,7.92
5.6,5.0,72.2,43.3,6.82,5.6,0.8,4,7,10.2,10,6.98
3.0,9.1,76.6,90.2,5.73,3.2,7.9,4,3,11.3,10,7.38
6.8,5.4,93.7,70.7,7.7,2.7,5.5,3,5,12.0,9,7.95
2.6,9.0,99.8,71.6,5.67,1.6,5.6,4,2,3.4,9,7.77
7.2,5.7,79.1,73.7,5.37,7.9,0.8,0,1,6.9,3,5.5
4.5,7.9,90.6,50.2,8.24,4.8,5.0,5,6,5.4,4,8.2
9.4,8.2,66.3,51.9,4.23,6.6,4.1,0,7,6.8,9,6.07
2.2,7.1,65.3,59.1,4.55,7.5,1.3,4,1,1.9,6,5.25
4.1,5.8,70.1,75.6,4.04,7.1,2.6,3,7,10.3,8,5.91
2.0,5.3,83.6,52.6,4.89,5.2,7.2,7,6,10.9,9,7.31
9.3,4.2,84.1,47.0,4.4,4.5,4.6,7,2,5.4,7,5.88
8.9,5.8,65.8,98.2,9.78,4.4,3.6,0,5,3.4,6,8.67
3.3,7.9,56.7,41.3,5.68,6.8,1.0,1,5,1.7,9,5.57
6.9,9.6,81.6,88.2,4.87,5.5,5.9,6,1,8.2,2,6.71
8.4,9.2,56.4,87.3,5.4,8.6,5.8,7,5,3.7,2,6.57
6.0,8.6,78.9,57.8,9.43,8.9,5.1,7,4,10.9,2,8.27
5.8,8.7,84.7,48.1,7.02,2.5,4.3,3,4,8.1,4,7.13
3.2,8.0,85.0,48.7,6.12,2.2,3.8,5,7,7.7,7,7.45
1.8,5.6,87.7,81.8,9.07,6.7,4.9,2,6,6.7,7,8.3
9.1,9.4,93.6,78.6,6.29,3.7,2.3,2,2,0.5,6,7.58
9.1,8.0,75.0,87.0,5.94,1.2,7.6,3,7,11.2,8,8.11
6.7,7.4,86.5,96.2,5.2,9.0,4.9,4,3,7.5,6,7.72
4.1,4.7,81.0,81.5,6.19,3.0,2.8,7,7,11.9,3,7.43
4.1,6.7,59.3,49.4,5.84,9.4,3.9,7,4,6.4,5,5.9
7.5,6.8,51.3,54.6,7.93,7.5,6.5,0,7,8.5,2,6.71
9.1,9.2,64.2,90.5,5.68,7.9,1.7,0,6,0.7,8,6.77
9.0,7.3,72.2,52.6,7.35,2.8,2.7,3,7,7.6,5,8.39
8.0,6.3,80.9,44.4,4.38,3.1,5.6,1,5,9.2,5,6.06
6.8,9.9,92.5,82.2,5.11,5.7,2.9,5,2,9.3,5,7.14
1.8,4.7,59.8,64.2,6.36,2.5,6.4,4,6,9.2,4,6.6
2.5,6.5,56.3,95.2,9.43,3.7,1.5,7,6,2.7,9,8.73
9.1,4.3,98.2,79.0,6.19,3.9,6.2,1,4,11.7,5,7.59
6.5,8.4,55.4,45.4,7.85,2.4,1.0,3,0,11.9,9,6.87
1.1,9.5,73.9,96.9,5.48,2.8,0.6,3,2,0.9,10,6.34
1.9,5.7,79.3,55.5,4.74,8.1,7.2,7,1,11.2,2,6.19
7.0,9.2,77.1,60.2,4.34,2.5,4.9,1,6,3.5,5,6.12
1.0,5.8,54.3,64.1,5.77,1.3,3.1,2,4,8.3,7,5.6
2.4,9.5,52.9,43.1,4.91,6.7,2.2,3,1,4.1,9,4.55
5.9,8.5,55.3,69.8,5.01,9.8,5.1,5,2,11.6,7,6.28
7.2,8.8,79.3,47.4,8.41,4.0,4.3,6,4,1.2,7,8.13
6.9,4.1,77.2,64.1,4.09,2.1,7.9,4,1,6.0,5,5.84
3.0,9.8,61.7,61.0,7.24,6.1,7.9,1,7,5.1,10,7.14
7.4,8.4,81.9,86.4,6.2,9.2,5.3,2,3,3.9,8,7.13
3.1,5.8,91.0,88.2,6.94,8.1,3.8,1,6,7.7,7,7.05
3.9,9.0,52.1,49.2,7.26,6.6,4.2,2,3,1.6,2,5.57
7.7,5.7,74.9,62.0,5.82,3.8,5.6,2,0,8.6,3,6.75
6.8,9.2,84.5,62.4,5.71,5.9,1.3,5,5,11.8,7,7.11
8.6,4.7,62.6,49.1,8.25,1.8,3.0,4,2,9.7,2,7.23
6.9,8.2,65.4,87.9,9.05,7.1,1.1,3,5,10.3,6,8.18
6.1,7.2,80.7,82.4,5.12,7.5,1.1,2,5,4.3,2,6.33
1.8,4.6,94.9,51.4,4.57,9.7,2.0,3,1,3.9,4,4.68
4.3,5.5,90.5,62.0,9.21,3.3,4.1,4,0,6.2,8,7.86
3.4,4.1,79.2,46.3,6.03,1.2,6.4,3,2,0.5,6,5.71
3.2,6.8,86.5,77.7,7.2,5.9,4.1,7,3,11.3,2,8.91
9.8,5.8,68.2,47.3,6.09,7.4,3.0,5,5,1.7,2,6.74
4.5,7.6,82.0,99.2,4.73,8.1,1.1,5,1,10.8,9,7.01
9.0,5.8,73.3,86.8,7.42,2.7,4.6,0,5,1.0,10,8.0
6.7,5.8,59.5,63.4,7.05,3.4,2.5,5,4,9.9,8,7.66
8.2,8.5,85.1,74.7,5.18,5.6,5.1,2,3,1.8,4,7.27
5.5,4.3,77.8,94.7,6.62,4.0,7.8,4,5,0.5,7,8.13
6.2,9.4,67.9,73.2,8.62,8.7,1.3,5,4,8.6,4,7.65
5.4,9.1,95.6,50.5,7.42,5.3,2.1,1,4,3.4,5,6.73
2.8,8.0,51.0,62.7,4.56,8.2,4.0,4,1,8.6,5,4.72
7.5,7.6,65.8,90.6,7.18,6.2,7.8,2,1,6.7,4,7.17
3.5,9.4,52.8,78.7,8.08,8.0,6.3,4,4,1.3,7,6.69
1.2,5.1,88.3,79.0,8.6,4.0,7.2,5,0,11.2,6,7.92
6.8,4.5,85.1,92.0,7.65,8.5,3.0,1,5,5.4,10,7.16
2.6,5.4,66.6,93.6,4.89,3.5,7.9,0,4,8.8,10,7.12
9.5,8.8,83.8,95.2,8.12,5.9,1.3,2,4,6.0,4,8.71
9.6,4.2,69.8,45.7,7.93,2.9,0.9,6,1,7.3,10,6.99
9.2,7.5,87.8,72.6,4.14,5.3,6.9,7,5,3.6,4,8.27
4.3,10.0,72.7,84.4,6.39,3.9,7.5,2,2,2.4,5,7.2
1.1,9.1,70.6,85.4,5.93,3.4,1.2,4,3,6.5,2,6.37
9.4,7.1,96.7,76.4,7.88,9.7,1.4,6,1,5.3,6,7.57
4.9,4.4,62.5,50.0,5.25,2.4,0.7,6,5,4.7,10,5.97
9.7,9.0,56.0,87.8,7.43,8.1,1.3,3,5,8.1,3,6.88
9.7,7.6,79.2,83.2,9.3,9.9,2.1,6,7,8.3,5,8.92
8.7,4.7,98.5,45.2,8.63,1.2,7.8,3,6,0.6,3,8.38
3.7,4.6,68.9,67.8,9.34,7.3,5.5,7,0,4.1,9,7.32
4.5,9.5,53.1,50.4,9.68,3.3,6.3,6,3,4.9,10,8.03
8.7,8.0,67.0,60.2,4.06,1.4,6.3,1,1,1.2,4,5.76
3.9,9.0,75.3,41.1,7.61,4.6,4.5,0,1,2.8,10,6.56
2.5,9.3,58.1,64.0,6.39,9.4,6.5,0,2,0.6,7,5.2
6.0,7.4,82.9,73.0,8.99,1.1,5.0,6,6,12.0,7,9.41
9.4,7.1,99.9,77.2,5.46,6.3,2.9,4,6,8.8,8,8.43
7.3,6.6,72.6,79.8,9.69,5.5,4.7,4,0,1.0,6,8.0
6.1,5.9,67.7,90.2,7.56,8.9,4.5,3,7,0.2,7,7.52
1.9,6.6,70.0,52.9,8.6,1.8,6.7,5,7,8.6,2,7.93
6.5,8.6,55.8,47.2,4.5,7.1,7.9,0,6,5.3,4,5.3
9.9,7.6,94.2,91.1,5.06,7.1,3.6,5,0,9.4,10,8.01
2.3,9.4,70.7,49.4,8.4,7.0,6.2,0,7,11.1,6,6.56
5.7,6.7,69.4,98.5,4.13,9.5,1.2,5,5,7.2,6,6.26
8.9,7.6,83.0,90.6,8.74,8.4,6.3,5,5,2.2,9,8.99
7.7,7.8,72.1,70.1,4.08,1.4,3.3,0,1,9.4,3,6.2
7.3,7.6,82.4,98.9,7.81,5.2,0.8,7,7,11.5,8,9.12
7.3,8.2,53.1,45.8,6.12,4.6,3.2,1,2,7.0,10,6.15
4.2,5.4,90.7,58.2,7.55,3.8,5.1,1,1,8.2,8,7.63
3.6,7.1,97.0,78.3,8.04,5.1,1.4,4,6,4.0,6,8.45
8.3,4.6,82.4,61.0,5.99,4.5,7.4,5,4,4.6,7,7.55
8.3,6.3,97.7,95.7,4.63,4.9,1.1,5,5,8.8,5,8.31
8.8,6.9,57.6,43.9,4.4,9.8,7.5,7,4,11.1,8,6.39
9.2,7.9,73.9,73.0,7.42,1.8,5.8,5,6,7.5,2,8.53
5.6,9.7,80.1,75.5,7.02,9.3,3.0,7,7,9.5,5,7.62
5.5,7.6,79.1,79.2,8.3,5.3,3.4,5,2,2.1,4,7.72
8.2,8.5,70.1,55.3,6.96,6.6,6.1,5,1,2.5,5,6.85
6.8,7.0,66.9,61.9,6.45,8.5,5.0,7,5,6.4,2,6.88
7.3,7.8,56.3,90.6,6.31,4.2,5.5,3,2,2.1,3,7.67
8.2,4.4,69.6,51.7,4.15,4.9,3.4,2,1,7.6,10,5.01
9.0,5.5,58.1,89.6,5.95,4.7,4.2,5,1,3.5,8,6.89
4.0,6.2,86.7,73.8,9.66,4.4,7.9,3,4,9.5,7,8.6
4.4,6.8,60.4,85.7,9.07,9.3,2.1,1,3,9.7,3,6.97
1.8,4.3,52.9,82.8,5.91,8.5,3.6,5,6,5.6,2,5.43
6.2,4.8,77.6,52.5,7.41,2.0,2.7,1,0,2.2,3,6.46
1.3,5.7,79.8,74.1,8.91,2.0,6.2,4,5,7.8,8,8.56
5.2,9.8,93.6,92.1,6.56,4.9,6.2,2,0,11.9,3,6.85
5.9,6.0,78.8,65.9,4.1,1.9,2.7,0,7,7.5,4,6.11
3.6,6.9,67.3,98.0,4.43,6.6,1.1,2,2,0.4,9,6.46
6.3,5.2,90.2,67.1,6.96,2.3,0.6,5,7,0.2,8,8.02
1.3,7.7,77.0,48.6,9.62,5.7,3.7,5,7,3.8,10,8.6
1.3,5.7,54.0,63.4,8.02,1.1,3.6,7,0,2.3,5,6.74
8.4,5.2,78.3,97.1,4.41,3.8,7.9,2,4,9.8,8,7.09
4.2,7.1,95.4,59.2,5.1,7.1,4.0,2,3,10.1,2,6.23
2.1,4.0,69.8,92.1,8.47,5.4,2.4,4,5,3.1,3,6.63
5.7,4.0,64.8,92.9,8.88,9.8,7.2,6,6,3.9,8,7.46
7.9,5.3,57.2,61.0,7.58,8.9,4.2,1,1,2.8,3,5.78
2.9,4.2,57.6,45.0,7.74,4.2,5.0,7,1,10.9,7,6.25
6.6,4.6,71.6,83.5,4.16,1.4,1.2,0,6,6.0,10,5.74
1.8,6.0,79.8,58.7,8.81,8.6,3.4,7,4,7.9,6,7.5
1.5,8.8,54.0,87.0,8.57,9.2,7.6,6,5,5.0,8,7.44
5.8,7.4,97.0,66.6,5.5,8.4,4.9,2,0,7.6,2,6.21
5.9,7.1,87.8,69.1,8.11,2.2,3.1,0,6,4.6,9,8.37
6.7,5.8,79.3,86.7,5.25,10.0,5.2,2,1,4.1,10,6.24
7.5,9.6,91.4,62.9,4.23,3.3,7.3,7,0,7.6,6,7.44
9.8,6.4,54.0,66.6,5.17,7.5,2.6,1,4,7.1,7,6.22
5.6,4.5,73.8,62.6,5.04,9.2,4.3,0,1,3.5,9,5.19
3.9,7.7,81.5,62.0,5.96,3.1,7.7,6,2,1.8,5,7.42
8.2,4.7,91.4,71.6,6.43,9.2,1.8,3,3,4.4,3,6.16
3.4,6.1,89.2,88.5,6.95,3.8,5.9,1,0,5.0,9,7.58
5.0,7.0,63.9,61.7,6.77,9.8,5.1,6,6,7.5,3,6.75
1.7,9.2,97.0,71.5,5.57,3.5,5.6,0,5,11.0,6,6.84
1.2,7.0,56.2,80.2,4.17,9.6,3.1,2,0,0.4,7,4.4
9.7,8.2,93.8,56.2,7.51,1.5,2.9,6,0,2.9,6,8.3
8.5,10.0,98.5,56.7,6.3,7.4,5.6,2,0,2.3,7,6.57
7.3,4.8,58.9,96.0,5.73,5.8,2.1,1,6,6.0,7,6.61
4.7,5.6,86.1,83.4,9.03,5.3,3.6,1,4,5.2,4,8.09
2.6,6.4,52.0,74.6,8.33,3.0,1.9,6,4,8.7,4,7.71
2.4,6.5,70.3,78.9,8.98,7.4,0.6,2,5,2.9,10,7.19
3.3,6.5,75.8,41.8,6.87,2.7,7.8,0,4,7.1,4,6.78
5.9,9.4,79.0,77.1,4.76,6.0,3.7,6,6,10.6,4,6.78
7.4,8.3,96.8,70.6,8.04,3.3,7.8,3,5,10.9,3,8.59
6.9,7.6,83.6,72.7,5.2,9.6,1.6,7,7,11.5,8,7.27
3.5,5.9,74.1,61.6,6.56,1.3,4.9,4,5,9.3,5,7.48
9.6,8.9,90.5,44.9,4.38,2.8,2.0,1,4,10.9,2,6.25
7.6,9.7,97.5,51.6,8.79,3.2,6.4,2,7,2.8,7,9.1
6.0,8.9,51.1,97.0,4.73,4.7,6.4,0,1,2.4,6,6.11
6.5,4.0,99.1,64.5,9.24,3.1,1.3,1,4,0.1,3,7.41
4.8,7.8,54.3,68.0,9.01,5.4,7.3,0,1,8.5,7,7.38
3.2,4.3,90.7,43.2,6.69,8.9,2.0,1,2,11.2,2,5.1
4.2,5.5,64.0,42.3,8.32,7.4,5.1,2,4,2.2,4,6.04
7.8,4.4,56.6,83.0,7.59,6.2,7.9,0,2,7.6,5,6.84
1.1,7.6,72.0,72.3,8.66,1.8,7.1,2,4,9.0,4,7.9
2.0,8.1,82.2,70.5,6.5,7.2,7.7,0,2,11.1,7,6.61
1.4,4.7,69.0,54.6,8.56,2.5,3.1,1,3,7.8,5,6.16
1.4,6.3,52.7,84.7,6.68,8.1,1.3,4,2,11.6,2,6.04
8.7,6.7,80.0,50.1,9.46,3.3,1.9,7,1,4.1,6,8.69
7.3,6.2,95.1,51.4,6.82,4.8,4.3,7,0,4.2,6,7.86
5.3,4.7,69.2,67.6,6.68,4.2,6.4,4,5,6.5,10,7.06
1.9,6.5,60.8,57.2,8.55,8.7,1.6,7,2,4.6,9,7.05
5.4,8.5,72.1,54.8,8.77,2.1,5.4,6,0,0.0,9,8.31
5.3,4.4,52.4,78.7,7.22,6.1,2.9,3,6,8.8,6,6.16
2.6,4.5,91.0,79.1,5.04,2.3,3.1,3,3,9.0,9,6.23
4.9,6.1,91.3,89.5,6.71,7.3,5.5,6,3,9.0,8,8.23
4.6,9.7,79.4,65.1,9.61,9.1,4.0,6,7,4.1,2,7.5
6.5,8.0,67.7,44.4,8.37,4.9,6.6,5,6,6.3,8,8.12
6.7,8.1,90.0,56.4,8.7,5.4,1.7,2,6,4.3,9,8.17
1.4,6.2,77.7,98.8,4.19,9.3,6.4,0,7,0.2,4,6.35
4.4,7.6,91.3,75.8,6.71,5.7,1.0,3,6,6.7,10,7.79
6.6,4.1,81.6,82.6,7.75,5.4,2.0,1,1,1.5,9,6.99
5.5,7.8,89.2,40.4,8.81,6.2,5.4,6,6,1.0,3,8.13
8.7,9.5,79.9,71.1,4.29,7.2,6.9,7,1,9.1,7,7.02
6.9,7.7,70.7,42.3,8.94,2.0,2.4,4,7,0.1,5,8.67
2.5,9.2,97.9,74.2,7.18,8.4,3.0,0,2,11.5,4,6.27
1.6,8.3,77.1,95.2,5.14,4.9,4.5,5,7,6.2,7,7.62
6.8,4.7,80.3,98.1,5.84,1.7,2.1,4,4,11.8,10,8.29
1.2,9.4,61.0,72.4,5.64,8.1,6.6,7,6,0.7,3,6.35
6.3,4.4,81.3,67.5,7.08,4.4,6.3,6,6,7.0,6,7.69
9.5,7.2,78.6,96.7,4.3,1.9,1.6,0,3,4.2,7,7.29
6.2,4.9,59.2,80.4,4.92,6.7,4.0,6,7,10.1,5,6.45
4.5,4.1,53.0,43.9,8.71,8.9,6.3,3,7,4.3,8,5.68
6.8,6.5,80.2,67.9,4.77,9.0,3.0,3,0,3.1,3,5.99
5.1,5.8,88.2,54.4,5.35,9.6,5.2,2,4,10.3,8,5.66
5.9,6.9,76.2,68.2,6.63,8.8,0.9,7,3,4.5,3,6.79
9.5,7.5,61.3,67.3,7.0,1.0,5.1,5,2,0.2,2,7.87
4.5,4.3,83.3,74.9,8.43,4.4,1.6,0,6,4.7,6,7.01
9.7,4.7,54.0,61.4,6.59,8.4,6.7,5,3,7.9,3,5.96
9.1,7.4,72.1,49.9,8.58,4.3,3.2,1,1,3.1,9,7.75
2.8,6.1,58.2,70.2,7.59,6.4,2.6,5,0,5.2,9,6.37
1.6,8.4,59.2,89.8,4.66,6.5,6.8,6,0,0.7,2,5.65
1.9,7.9,60.1,79.8,4.91,4.3,0.9,6,1,7.1,5,6.15
1.2,9.1,69.3,60.3,6.53,9.1,3.5,3,7,9.1,10,6.32
1.8,8.2,52.6,96.1,6.3,5.5,3.3,2,6,5.0,6,6.42
7.1,6.6,69.9,94.7,8.31,5.2,2.6,7,6,5.0,7,9.08
1.6,8.0,75.6,52.6,7.37,10.0,7.3,6,4,1.1,4,6.92
3.9,5.7,74.2,42.4,6.25,5.4,6.1,3,1,2.4,6,5.97
8.6,5.8,69.1,84.5,4.99,2.6,1.0,4,6,1.9,2,6.99
1.2,8.7,92.0,89.7,5.32,5.6,5.9,3,0,5.8,9,7.07
8.3,6.7,57.3,98.1,7.34,8.3,4.5,0,6,6.4,7,7.66
3.5,8.8,75.3,93.4,6.46,8.0,7.3,7,2,11.4,3,7.3
2.1,8.9,53.1,76.0,6.99,8.1,2.8,2,6,0.9,5,6.3
7.3,9.1,53.6,71.8,4.99,7.4,4.8,6,4,7.2,5,6.42
6.7,9.5,78.7,41.7,7.84,3.3,4.3,0,5,6.3,10,7.5
8.9,6.6,78.3,54.8,8.94,8.8,4.2,1,3,6.2,10,7.6
7.6,5.9,93.9,67.6,5.5,9.0,3.9,1,5,10.5,6,6.48
8.2,7.5,77.9,77.7,6.85,2.7,2.0,3,2,2.5,4,7.54
3.5,6.2,98.0,73.4,9.66,2.2,6.2,2,5,0.5,2,8.96
2.6,7.6,52.4,84.6,5.93,9.8,3.9,5,6,8.1,7,6.88
7.8,8.2,54.9,56.8,7.45,8.8,7.7,2,4,4.1,9,6.73
8.3,8.1,52.2,73.9,4.52,9.0,2.5,2,0,0.2,2,5.2
9.9,6.2,59.3,45.3,7.51,9.0,5.6,2,0,3.0,2,5.87
4.7,5.0,77.1,64.8,4.52,5.9,7.6,3,2,3.7,8,6.03
4.3,6.6,82.3,85.0,9.56,6.8,5.5,0,5,7.4,8,8.73
8.0,4.9,52.3,81.6,8.15,5.9,7.0,3,7,2.1,3,7.61
4.1,9.3,97.3,99.4,8.57,1.5,6.7,5,7,5.0,4,9.25
9.4,6.1,92.1,56.7,8.08,7.7,3.2,0,4,5.8,3,7.18
8.7,4.9,64.8,69.9,7.42,5.5,5.0,5,3,5.5,7,7.59
4.9,4.2,53.9,59.8,6.61,6.8,1.7,4,6,11.7,9,5.82
7.8,7.9,58.5,66.4,8.98,5.5,4.5,4,5,0.5,9,7.91
7.8,7.8,56.3,91.4,9.55,5.4,2.2,7,7,11.4,2,8.67
1.9,6.0,56.2,81.1,6.89,2.5,6.1,6,7,7.0,10,8.06
9.1,4.4,75.9,92.9,9.4,3.5,4.5,6,5,9.5,9,9.35
5.5,6.5,62.3,52.2,7.38,2.4,3.6,0,3,5.2,10,6.83
8.4,5.9,67.9,92.4,7.12,2.8,2.5,3,1,5.4,10,8.43
3.9,8.1,99.5,43.6,6.64,9.8,8.0,5,6,10.6,7,7.68
9.1,7.6,84.2,93.3,5.21,2.4,1.0,5,2,10.8,4,7.71
4.5,6.2,97.4,59.7,4.02,3.4,0.8,6,6,2.9,2,6.7
1.1,5.3,57.1,58.9,5.4,6.3,2.1,6,4,2.4,9,5.46
9.1,9.9,69.1,70.7,6.96,6.5,7.8,1,2,6.0,4,6.77
1.8,6.7,77.7,96.4,6.2,2.4,7.8,5,3,10.8,8,7.95
3.9,8.1,53.8,42.9,6.6,8.1,5.4,3,4,3.9,7,6.31
9.6,4.8,50.2,61.1,9.69,8.1,7.1,1,0,7.8,4,6.85
9.6,6.9,83.5,91.4,6.03,3.1,2.1,3,0,8.5,7,7.95
6.2,4.2,82.1,63.8,6.62,3.6,7.8,2,6,9.3,4,6.68
6.7,7.0,70.5,51.9,4.77,9.4,1.6,5,4,6.8,10,5.91
5.0,9.8,74.5,65.5,4.28,8.4,1.3,2,2,4.8,2,5.15
3.6,6.3,70.8,63.1,8.5,7.3,1.3,4,2,11.6,9,6.94
4.0,4.2,51.2,94.9,7.31,1.7,4.8,4,0,7.3,6,6.7
7.1,4.2,66.8,85.7,8.41,4.8,6.4,0,0,8.7,5,6.78
7.8,6.3,58.9,70.3,4.87,6.0,3.3,5,3,4.1,2,6.18
8.1,5.0,54.9,99.3,7.32,2.7,7.8,6,4,8.0,10,8.19
8.1,4.1,97.8,67.9,5.47,5.0,3.8,1,2,3.1,10,6.48
1.8,8.5,80.0,43.5,5.32,6.4,1.6,2,7,2.9,6,6.01
5.4,6.8,86.4,55.7,4.07,3.9,4.0,3,3,8.6,10,6.9
1.5,5.7,65.8,66.2,4.76,8.0,5.6,5,2,6.3,10,5.52
5.9,9.4,69.7,49.4,5.79,8.6,6.7,0,0,8.2,8,5.29
5.0,4.7,61.8,96.9,4.68,3.9,3.9,3,4,3.2,9,6.41
9.0,9.7,54.8,86.0,9.72,8.5,5.0,2,1,7.2,2,7.3
4.2,5.9,59.0,56.1,5.79,1.9,2.5,5,4,5.3,5,6.16
2.1,9.3,89.9,75.4,4.76,8.5,5.3,6,5,7.2,5,6.33
2.3,7.6,83.9,83.3,5.15,2.4,7.9,2,7,3.5,10,8.03
7.9,9.0,77.3,96.5,7.41,1.7,0.9,5,7,8.6,4,8.26
6.6,9.9,73.8,92.9,4.37,6.8,7.1,5,7,9.7,2,7.2
1.9,5.7,96.1,70.9,9.0,5.2,4.7,2,1,3.1,6,7.68
1.8,9.8,53.6,86.5,9.58,9.2,2.4,2,6,3.6,8,6.55
7.3,6.3,64.0,73.7,5.43,4.3,7.7,3,6,7.9,5,7.1
1.7,6.3,67.5,73.2,6.61,3.6,4.1,0,3,8.3,10,6.75
8.4,6.0,89.1,46.9,4.13,5.5,3.0,2,1,8.4,7,5.83
7.4,7.2,99.6,47.6,7.72,5.1,1.9,4,1,8.2,7,7.8
1.7,4.9,62.0,71.8,6.4,4.1,2.3,7,3,4.7,4,6.54
1.8,7.3,93.7,56.1,5.57,7.2,6.7,0,4,4.7,6,6.34
9.9,7.3,91.5,41.3,5.2,7.8,5.1,4,3,3.1,7,6.68
4.4,8.6,61.2,83.4,7.79,8.7,7.3,3,5,1.9,5,7.18
4.3,9.0,70.0,41.9,6.41,9.8,2.2,2,0,8.3,4,5.37
8.3,6.6,70.5,75.7,5.04,3.4,1.4,0,6,1.1,6,7.22
9.5,5.8,98.9,72.4,8.0,7.4,0.5,6,0,11.3,8,7.6
9.9,5.6,59.0,98.1,7.28,4.5,4.3,2,6,9.9,7,8.24
7.8,5.2,90.0,69.1,8.98,7.1,8.0,5,1,10.3,3,8.15
4.4,4.3,66.7,43.8,4.68,5.3,5.7,2,7,10.9,2,5.33
1.8,6.1,86.5,73.1,8.56,9.9,2.8,6,3,4.9,6,7.32
8.0,5.6,71.0,90.5,7.91,7.6,7.1,0,3,10.2,6,6.96
6.0,9.8,78.9,99.8,4.67,9.6,6.4,2,3,1.9,7,6.47
4.8,7.3,91.6,65.8,8.03,8.5,0.6,2,7,0.3,4,7.29
9.2,6.1,90.2,59.2,6.56,9.1,6.6,1,5,9.4,2,6.65
2.0,7.5,93.3,94.4,9.48,8.3,2.8,1,5,0.9,5,7.91
5.4,4.8,53.0,51.5,4.82,5.1,1.6,0,7,11.9,5,5.08
1.1,6.7,84.6,76.9,7.73,3.3,2.2,0,4,8.1,3,7.24
5.2,7.8,57.0,64.3,6.22,4.3,4.0,5,7,9.0,9,7.56
1.5,6.9,70.8,42.5,9.55,1.2,3.7,5,2,2.9,7,7.84
2.1,6.4,77.4,60.8,5.91,5.7,2.7,7,6,8.1,4,6.87
2.1,10.0,70.1,55.9,9.58,5.5,1.8,2,2,0.5,2,6.44
6.8,9.3,76.0,81.2,9.23,5.7,6.2,4,2,10.1,4,8.07
7.7,7.7,99.8,96.9,5.57,9.8,7.9,0,7,2.0,9,7.97
6.3,7.4,56.8,56.1,8.66,9.2,6.3,6,6,8.4,5,7.31
9.7,7.7,83.8,88.7,9.77,2.5,2.7,2,4,2.7,4,9.38
4.4,5.2,69.8,43.3,5.47,4.3,2.3,4,3,0.8,5,6.0
3.6,6.4,56.7,72.3,6.53,4.8,2.1,1,2,5.8,5,5.81
8.8,4.2,57.9,44.2,7.02,4.2,1.5,5,7,2.0,3,6.63
3.0,6.9,97.5,96.0,5.71,8.2,4.6,6,3,8.8,5,7.68
9.7,7.3,94.0,86.0,4.09,5.7,5.0,0,7,2.9,10,7.75
1.1,5.4,95.4,79.5,5.28,6.1,5.8,2,1,4.1,5,5.88
9.7,9.8,99.6,89.4,5.64,8.7,5.6,1,2,6.8,2,6.46
1.4,9.5,60.4,78.9,6.57,8.3,2.7,7,1,3.4,2,5.95
9.0,8.3,67.8,98.1,4.99,2.2,3.0,3,4,4.5,2,7.5
5.7,7.2,83.5,82.8,9.06,7.4,5.6,1,0,9.8,6,7.64
9.9,9.2,74.2,95.5,8.09,4.9,3.1,2,5,2.2,7,8.83
1.7,4.8,70.9,71.0,4.49,3.7,2.1,7,6,1.0,7,6.52
6.0,8.7,67.9,47.0,7.77,1.5,3.3,5,7,3.9,7,7.62
9.7,4.7,79.7,71.7,7.79,5.4,2.5,4,4,5.1,10,7.8
5.7,8.8,78.8,47.6,9.55,4.2,1.2,6,4,6.5,2,8.61
6.7,5.7,58.1,75.5,4.02,3.3,6.7,6,4,4.5,7,6.41
7.3,9.3,73.6,68.9,5.44,7.3,6.9,3,2,9.5,9,6.75
5.1,9.7,77.7,77.4,9.38,7.9,2.1,6,1,0.5,9,7.72
6.6,4.9,78.5,40.6,9.41,3.2,1.0,3,5,5.2,4,7.61
6.3,6.8,60.5,51.7,8.18,1.4,6.0,7,2,4.6,6,8.17
9.1,9.9,87.1,69.5,8.44,8.6,2.1,5,0,7.8,5,7.24
1.4,6.9,51.3,97.0,4.53,1.1,3.5,3,6,11.6,2,6.58
3.5,9.2,67.7,63.0,6.98,9.4,1.0,0,6,6.1,10,6.6
9.6,7.5,89.0,65.5,5.34,6.6,2.2,2,5,11.8,6,7.19
9.0,6.3,78.2,82.9,5.05,3.9,6.4,7,6,3.6,3,8.29
5.1,5.7,63.1,76.2,8.7,3.2,6.5,6,6,0.4,3,8.21
6.6,5.2,84.7,57.9,4.78,1.1,2.1,3,4,2.0,8,6.59
3.5,8.6,78.4,64.6,6.72,3.1,3.0,1,3,4.7,5,6.8
2.7,6.3,89.8,53.1,9.44,2.2,1.5,4,0,3.8,2,7.81
5.2,7.1,86.8,98.0,5.08,6.5,1.1,2,1,1.2,6,7.05
4.2,7.0,80.5,47.8,9.67,2.5,7.9,5,7,5.2,3,8.85
6.3,7.5,74.4,62.3,9.77,5.8,5.4,6,0,4.1,8,8.78
1.7,9.2,56.7,41.6,7.22,6.3,4.6,1,2,1.5,10,6.02
9.8,9.9,63.1,53.3,4.99,3.7,6.2,0,6,3.6,2,6.22
9.9,6.4,71.0,86.8,5.83,1.3,6.8,3,3,10.6,3,7.58
7.3,9.0,80.0,52.1,6.46,1.3,6.6,1,7,3.6,7,7.41
5.8,8.6,75.7,44.8,5.79,1.2,0.6,2,2,8.6,9,6.17
3.8,7.4,64.4,68.5,5.63,7.7,1.9,6,5,7.3,8,6.87
8.3,9.7,50.3,40.6,9.64,3.9,5.4,1,4,5.1,10,6.97
7.2,5.2,74.8,45.1,4.89,8.2,3.3,0,6,2.9,3,5.42
2.5,4.7,64.3,88.5,8.25,4.9,7.9,4,4,4.4,10,7.38
9.2,9.1,86.7,86.3,4.0,5.1,5.5,7,0,7.1,5,7.43
8.4,6.6,51.2,94.9,7.46,5.6,7.7,3,4,4.2,4,7.73
9.5,9.1,79.2,91.3,9.31,7.4,2.0,2,4,2.6,8,8.79
7.5,9.4,97.1,81.0,5.67,3.5,7.0,6,5,1.4,6,8.75
6.5,4.4,58.7,43.1,5.08,2.1,2.9,7,1,10.6,6,5.91
4.8,9.3,73.6,87.0,7.78,6.0,7.9,3,1,5.3,3,7.73
9.4,6.7,54.6,90.7,8.13,3.9,1.7,3,2,7.5,7,7.87
8.8,7.1,81.3,87.9,7.99,5.0,4.4,5,6,5.9,7,8.78
1.4,7.8,77.5,70.5,5.85,6.8,6.4,3,2,10.5,5,6.18
1.2,9.6,70.4,54.0,5.46,5.4,3.7,1,1,6.6,6,4.65
4.4,4.1,76.1,90.7,9.54,6.6,4.0,1,0,5.8,8,6.72
8.3,6.9,94.8,83.6,9.36,5.9,7.9,7,1,11.1,9,9.73
9.9,8.1,59.8,98.8,6.65,7.7,3.7,4,2,8.6,7,7.31
2.4,8.3,51.1,49.3,8.91,7.4,5.0,0,3,1.3,6,6.1
6.3,8.2,93.1,53.5,6.62,5.8,0.9,6,6,2.1,4,7.79
4.4,4.8,78.9,52.7,6.46,7.1,6.8,7,4,9.4,8,6.81
9.7,5.8,94.5,87.6,4.91,8.9,5.4,6,5,10.0,9,7.62
8.6,6.2,79.8,51.2,6.47,4.9,3.5,7,3,6.5,4,7.43
8.5,8.8,90.5,44.0,7.12,4.7,0.6,2,3,6.7,6,6.91
5.2,5.7,71.5,99.9,4.13,7.9,4.9,1,4,7.6,3,5.87
4.7,5.3,87.5,41.5,6.58,6.2,0.6,3,1,5.3,5,6.27
3.5,9.7,95.7,90.1,8.53,1.6,0.5,0,7,8.2,5,8.14
1.5,4.1,78.6,61.9,7.94,9.0,5.1,7,6,1.3,9,7.31
8.8,10.0,59.0,90.5,7.68,1.3,1.9,2,0,11.5,4,7.29
8.3,8.1,63.4,73.3,9.28,7.7,1.9,6,3,9.0,6,7.89
10.0,9.0,59.9,94.1,4.1,7.8,5.4,2,0,7.6,6,5.67
10.0,5.8,62.3,95.6,7.23,9.6,0.9,2,5,3.8,3,6.9
6.0,4.1,65.3,40.5,8.57,1.5,2.9,6,5,1.9,10,7.46
7.9,8.4,77.8,44.5,7.14,6.4,1.6,2,5,4.9,5,6.74
9.5,9.0,79.4,55.0,5.88,4.9,4.9,4,2,7.9,10,7.49
8.6,8.4,71.3,80.2,4.79,4.0,5.5,2,3,7.6,10,7.48
3.2,4.9,80.8,93.3,9.15,1.8,5.9,0,5,4.6,3,7.79
5.1,8.5,54.1,67.6,6.73,6.1,2.4,7,2,7.4,10,6.75
2.2,8.6,54.4,76.4,9.09,5.3,1.2,1,5,9.8,10,7.41
9.6,8.0,58.6,51.3,7.4,1.9,1.1,0,1,0.3,3,6.46
6.5,8.6,75.9,88.3,7.91,6.5,3.7,3,3,5.4,7,7.69
3.1,9.1,60.7,98.0,8.66,7.6,7.6,5,2,9.1,10,7.84
7.0,7.7,64.2,56.1,7.82,7.9,2.1,4,5,6.6,5,7.03
6.6,4.5,70.0,69.7,6.31,9.1,2.4,4,6,7.8,3,5.64
4.2,6.9,90.6,45.2,6.98,4.7,1.3,3,2,6.2,8,7.2
2.0,4.5,50.7,73.5,8.66,9.6,5.0,6,5,11.9,10,6.52
7.0,6.4,82.5,70.2,6.17,8.8,5.6,0,1,0.7,7,5.73
5.7,6.4,83.4,48.7,6.25,3.7,5.3,0,0,5.9,5,6.36
8.0,4.4,89.9,66.5,4.56,2.4,7.0,3,7,1.1,2,6.71
5.7,6.1,96.6,60.0,9.3,4.9,4.1,6,5,1.9,5,9.33
8.7,4.7,51.0,71.3,4.53,4.6,1.5,5,0,4.6,4,5.14
6.0,8.8,57.7,75.1,7.76,6.2,2.7,2,3,1.9,8,6.66
6.0,9.7,94.3,40.5,6.4,6.3,5.5,6,1,11.6,6,6.98
8.9,4.4,72.9,85.7,6.35,7.7,5.1,7,6,11.4,4,7.15
4.6,9.7,78.2,82.8,7.94,5.6,4.5,2,3,4.0,3,7.02
2.2,7.1,83.2,62.0,4.39,1.9,5.6,7,6,7.7,3,7.3
1.3,5.8,84.0,43.2,7.44,8.7,5.3,1,0,6.4,6,5.49
7.8,4.5,96.6,85.3,8.48,3.8,7.1,0,1,9.8,9,7.74
6.6,7.0,99.8,97.3,8.8,9.7,4.9,0,4,7.5,9,8.99
7.3,8.8,86.0,54.4,4.99,2.1,6.3,3,1,0.0,6,7.0
2.9,8.2,64.4,59.4,9.21,9.6,2.4,3,1,9.2,3,6.33
2.2,4.3,94.0,51.0,7.81,1.8,5.6,2,6,9.0,5,7.13
1.1,4.4,52.5,74.6,9.11,3.1,7.3,6,4,6.1,8,7.59
4.2,6.4,61.6,49.3,6.81,1.4,3.4,0,2,10.8,7,6.4
6.3,5.8,94.9,61.4,7.14,7.3,6.3,0,2,10.9,8,6.91
4.5,5.4,62.8,81.8,9.33,8.7,5.9,4,2,6.3,6,7.43
4.9,5.7,61.0,73.6,9.22,4.9,0.9,7,0,7.3,3,7.24
9.1,8.8,56.9,63.2,6.6,9.4,4.9,1,1,12.0,9,6.01
4.1,9.6,93.0,65.2,5.59,6.3,1.5,1,5,3.6,3,6.28
5.6,6.4,75.0,73.7,6.28,6.7,7.8,7,4,3.9,9,7.85
8.1,9.4,83.7,40.4,6.25,8.6,6.6,2,5,2.2,8,6.82
4.6,5.9,62.0,44.7,5.66,3.7,1.3,5,0,10.8,4,5.76
6.6,6.9,87.9,92.9,5.56,4.2,1.4,6,4,8.9,5,7.61
8.8,5.4,88.0,44.7,8.99,9.2,5.0,0,5,1.3,8,7.02
9.5,7.8,65.6,82.4,4.41,9.1,3.1,4,7,11.8,5,6.61
2.3,9.9,70.5,95.2,7.93,9.8,0.8,6,6,8.8,10,7.81
9.3,7.6,60.5,56.2,5.0,9.1,4.6,0,0,10.2,8,5.15
5.4,6.1,98.8,62.2,6.0,2.1,3.4,3,0,0.6,2,6.94
3.3,7.9,82.3,74.1,4.36,8.4,1.3,6,7,6.1,2,6.32
5.1,4.7,96.7,92.9,5.57,4.7,6.5,2,0,8.4,5,6.74
9.8,9.3,65.2,96.5,8.46,9.9,7.4,6,4,6.5,10,8.56
5.4,7.0,89.1,84.4,9.13,5.3,6.2,5,5,8.0,5,9.53
4.0,6.7,88.3,45.2,5.28,6.0,6.7,6,5,9.8,6,7.19
6.7,7.5,84.6,80.1,6.69,5.8,2.1,6,3,4.5,2,7.51
3.2,7.7,98.3,64.6,6.73,3.9,2.5,6,0,10.2,3,8.17
1.7,4.4,69.7,68.2,9.07,1.7,2.1,1,2,2.0,5,6.55
2.2,8.1,56.5,42.9,8.42,9.1,6.2,0,1,3.3,5,5.48
2.2,5.5,83.6,51.5,6.98,8.2,7.6,5,6,0.5,7,7.41
2.4,8.3,86.5,87.4,7.89,2.3,5.9,7,6,4.4,7,9.02
2.2,8.9,78.8,67.2,8.91,8.0,7.1,2,3,4.6,9,7.91
6.8,8.8,60.3,58.1,4.06,6.6,5.3,7,3,9.7,10,6.08
2.6,7.3,75.2,63.0,6.34,4.7,3.4,1,4,7.8,2,6.76
4.1,7.1,65.6,91.3,9.26,3.3,3.7,0,3,5.2,2,7.83
9.1,4.9,71.4,84.9,8.29,8.7,1.1,4,5,7.8,7,7.82
5.3,8.7,82.3,56.3,7.15,7.3,0.7,2,4,0.6,5,7.12
7.0,5.6,87.3,47.1,7.07,5.9,5.7,0,4,2.2,5,6.53
2.6,7.0,61.6,55.1,6.02,6.5,3.8,1,6,7.5,2,6.12
2.7,5.7,70.3,95.2,7.02,1.8,4.6,1,6,7.7,10,7.38
1.4,4.8,63.5,74.9,7.8,5.3,4.7,4,2,9.3,4,6.16
2.5,7.8,59.9,72.0,6.43,2.7,2.6,2,0,4.8,6,6.07
3.5,4.3,89.2,75.8,8.14,2.9,4.1,2,7,8.7,2,7.67
2.6,8.5,95.5,62.0,9.0,7.0,4.0,5,7,8.2,9,8.64
1.8,5.9,68.5,88.4,4.9,9.2,3.4,0,3,11.6,4,5.21
2.1,4.0,87.6,71.4,6.62,4.6,6.7,5,0,2.6,2,6.28
5.1,7.1,94.8,47.0,6.37,2.9,3.9,1,0,6.6,7,7.06
2.9,4.3,92.3,47.7,7.99,6.8,5.0,7,0,7.2,2,6.68
4.3,5.7,59.1,72.2,5.45,8.8,7.2,1,4,12.0,4,5.88
5.5,8.2,97.8,96.2,7.71,7.7,7.0,6,0,2.4,6,8.99
7.2,4.4,68.8,58.5,9.09,8.8,7.2,4,3,6.3,5,6.92
1.4,9.0,67.0,92.2,6.43,5.8,2.5,4,4,4.2,8,6.81
8.2,4.0,53.1,85.8,9.28,7.8,0.8,7,3,6.3,7,7.28
6.7,5.5,74.3,54.9,9.76,2.3,2.5,7,4,2.8,4,8.15
1.7,8.4,55.5,42.2,4.62,4.1,2.6,2,7,0.6,9,5.41
8.9,5.9,62.4,46.1,5.35,4.5,7.3,7,1,6.9,9,7.08
9.3,4.6,65.8,83.7,9.51,5.6,5.4,5,1,4.0,3,7.79
1.5,6.2,90.4,52.0,9.56,9.4,1.1,1,7,2.2,8,7.06
3.5,5.6,93.8,62.3,4.57,8.9,1.5,6,1,3.9,2,5.32
8.3,9.1,65.1,70.1,4.09,2.2,1.7,0,1,0.6,3,5.52
7.7,5.9,92.9,83.5,4.93,2.6,5.2,6,7,11.4,9,8.82
2.7,8.7,92.9,46.8,9.78,4.2,6.0,3,4,7.0,2,8.4
2.9,9.4,88.2,64.4,5.04,3.6,6.9,0,0,9.8,3,5.96
4.3,6.6,57.3,69.1,6.91,6.5,7.6,4,7,5.1,2,7.57
5.4,9.5,84.5,72.4,8.92,9.1,2.0,0,2,10.8,6,6.87
6.6,6.3,97.3,89.1,4.12,9.7,2.8,7,6,5.8,8,7.43
4.3,9.8,84.1,50.3,7.51,6.9,2.3,1,5,6.9,7,5.9
5.2,4.5,66.6,88.5,5.61,8.5,3.2,5,2,5.9,7,5.85
7.7,8.1,75.0,81.6,9.0,5.7,7.4,7,1,8.8,7,9.11
1.3,7.0,82.3,73.4,5.64,2.9,4.8,7,0,6.8,9,7.74
3.3,6.3,75.5,82.0,7.98,5.7,6.0,6,3,3.3,6,7.82
7.4,7.8,56.0,64.7,7.91,6.0,4.2,2,0,1.7,8,6.95
9.1,8.2,65.6,48.3,5.28,7.7,0.7,5,3,7.3,4,6.26
5.6,4.0,90.1,79.9,4.2,3.0,1.0,3,2,5.9,10,6.1
5.8,5.0,93.1,71.5,6.37,4.3,4.5,2,0,1.2,4,6.16
2.0,8.3,56.9,78.4,5.68,4.3,5.9,3,0,4.7,7,6.25
5.0,8.0,97.6,60.3,8.69,9.6,2.1,3,5,6.2,4,7.88
5.8,9.8,66.4,94.4,8.64,5.0,5.9,1,7,9.9,2,7.6
3.2,8.6,83.1,75.2,6.65,7.8,6.6,1,2,0.9,2,6.46
3.4,9.7,87.6,45.1,7.52,7.8,3.6,7,0,4.2,4,6.26
4.4,8.2,90.6,67.0,7.5,3.4,6.1,4,3,9.9,5,7.49
1.2,5.8,97.3,85.4,8.8,6.1,3.5,4,6,7.8,3,8.57
3.9,4.6,65.6,87.6,6.47,9.0,5.6,3,0,3.5,10,5.96
2.9,8.7,92.9,69.7,5.6,5.3,6.2,5,3,10.1,9,7.86
3.9,7.9,56.6,93.7,5.54,9.5,7.9,4,1,5.9,4,6.41
2.1,4.3,85.3,56.1,7.11,2.9,3.1,1,0,6.0,8,5.93
9.0,6.2,87.1,64.6,6.61,1.7,3.6,4,3,11.7,5,7.86
6.3,9.7,83.9,93.9,6.55,9.0,1.7,3,6,11.4,6,7.34
7.1,7.0,62.6,93.8,4.53,8.6,2.0,6,2,4.3,5,6.62
8.1,6.6,93.7,81.1,8.17,9.9,5.7,2,1,1.7,10,8.08
5.5,6.7,58.4,91.5,5.24,7.1,7.4,5,0,3.9,8,6.95
1.8,5.3,52.7,45.3,5.14,9.4,3.5,5,5,0.4,5,4.74
5.8,6.2,85.9,91.9,6.39,8.4,1.8,0,3,0.2,9,6.68
6.3,6.2,73.8,59.2,5.32,8.6,2.6,7,6,4.7,3,6.57
7.7,4.3,92.5,50.7,7.39,6.1,3.9,4,5,11.3,8,7.29
4.9,8.6,69.2,54.4,6.15,4.4,2.7,7,0,10.5,2,6.15
2.1,6.5,58.4,65.1,6.6,9.4,2.3,7,3,6.1,9,5.99
3.6,8.9,91.8,55.1,7.12,4.9,6.0,5,0,6.8,7,7.47
4.3,9.1,77.4,59.2,5.18,5.8,0.6,6,1,0.1,6,6.01
6.8,5.3,59.5,48.1,4.9,5.0,4.5,6,6,2.6,10,6.42
6.1,7.9,86.0,57.8,9.11,6.1,6.5,1,6,0.3,10,8.39
4.2,6.8,75.6,74.3,6.52,5.2,2.5,2,1,9.1,4,6.96
9.9,9.3,80.2,66.5,6.39,1.4,5.0,1,0,1.7,10,7.62
6.5,5.3,73.0,60.8,4.21,8.9,5.5,4,0,10.4,10,5.2
3.1,8.1,91.4,84.8,6.89,5.0,5.4,3,4,7.7,3,7.66
1.9,7.6,91.5,93.6,7.21,6.3,3.8,6,0,2.8,6,8.05
2.4,5.8,85.5,85.4,7.24,2.3,3.1,6,6,1.9,3,8.31
3.2,4.8,55.3,59.9,8.1,1.0,6.8,0,0,7.5,2,5.83
2.4,7.9,91.9,84.7,5.03,3.2,6.2,0,5,10.8,8,7.08
2.7,8.4,83.6,49.1,5.46,7.3,2.9,6,5,8.6,5,6.33
3.6,5.9,84.9,47.8,8.7,1.9,1.3,2,1,4.2,6,7.04
2.6,7.9,68.1,60.7,9.49,9.2,1.0,5,5,7.0,5,7.37
9.1,6.4,94.0,88.5,4.79,2.9,1.2,5,0,3.7,7,8.08
1.7,8.3,86.3,54.8,6.89,2.8,4.9,6,2,12.0,3,7.18
5.7,5.2,55.6,43.8,5.24,2.6,0.9,5,7,9.0,9,5.94
4.7,9.3,70.4,47.9,4.35,1.1,3.0,0,0,7.4,5,5.02
9.8,5.7,94.3,91.5,5.89,7.9,6.1,3,7,5.1,9,8.55
2.0,6.2,52.4,78.0,4.83,8.9,2.7,5,6,7.4,4,5.25
4.6,4.3,98.1,55.2,8.12,6.5,6.2,7,4,4.1,6,8.07
9.7,4.7,84.0,73.3,7.1,2.7,6.1,1,3,0.3,4,7.41
8.8,7.1,81.6,71.7,4.83,3.6,2.3,6,6,4.7,8,7.7
8.4,5.6,63.5,79.3,4.05,5.3,6.0,5,7,11.2,4,6.4
3.3,9.0,62.4,54.0,8.69,9.6,6.1,7,1,7.5,9,7.16
2.5,4.1,97.1,91.9,5.02,3.2,3.5,3,5,1.0,10,6.96
7.0,6.3,64.9,58.6,7.52,7.6,2.1,6,2,10.6,3,6.81
9.4,6.0,88.8,81.6,5.95,5.0,4.4,7,6,3.2,4,8.18
6.0,4.1,69.7,41.0,7.4,3.7,7.4,2,3,2.9,8,6.24
6.1,4.7,57.0,62.4,5.83,5.1,5.3,2,2,3.6,6,5.51
3.5,6.5,50.5,61.1,4.5,1.6,1.8,7,1,6.9,8,5.9
7.9,7.0,77.2,72.6,5.29,8.2,5.6,0,5,6.5,3,6.29
2.7,6.4,98.8,44.4,5.09,3.2,3.7,3,4,5.9,5,6.34
3.9,7.2,68.5,87.4,6.48,7.5,4.9,7,7,8.6,2,8.3
4.8,7.6,67.9,53.1,7.82,1.6,6.0,1,6,3.8,6,7.19
5.6,4.1,67.2,80.6,5.53,9.6,4.4,3,6,9.4,9,5.89
3.2,6.8,76.0,88.2,4.07,2.7,6.6,1,6,2.1,2,6.27
2.0,9.8,72.0,73.7,7.01,8.9,5.9,1,7,9.4,8,6.04
6.5,7.1,94.0,84.5,7.51,8.3,5.1,3,1,8.0,8,7.94
3.6,8.1,75.3,79.7,9.58,9.7,1.6,6,2,8.2,8,7.92
6.2,5.9,75.4,61.3,7.42,5.3,6.8,4,2,5.8,2,7.49
2.4,8.6,56.9,88.5,6.73,7.5,7.5,3,1,8.0,4,6.5
5.3,8.6,99.1,57.7,7.33,4.3,1.5,7,6,1.0,3,8.25
5.8,7.1,62.5,74.3,9.38,2.7,4.2,6,0,10.2,6,8.04
1.5,9.9,53.7,84.7,8.8,5.0,2.4,1,1,0.7,3,6.58
4.0,4.8,83.2,62.7,5.87,2.5,6.2,6,5,1.8,6,7.49
2.2,4.1,79.8,58.2,5.38,9.8,5.9,6,5,6.9,6,5.28
1.6,8.6,70.8,67.6,5.52,1.9,1.6,5,4,8.9,5,6.63
9.9,8.8,71.1,89.1,6.93,6.3,7.1,7,1,0.9,8,8.29
3.9,4.7,89.3,95.8,8.32,6.6,1.9,2,3,11.0,7,7.38
8.3,5.6,59.8,72.7,6.92,5.8,6.5,2,7,11.7,3,7.34
3.3,4.1,91.0,79.7,4.39,7.0,3.9,7,7,7.3,5,6.69
7.1,5.8,82.4,94.2,8.2,2.0,3.0,7,5,5.8,8,9.21
7.8,8.6,70.9,45.9,8.67,6.0,1.7,0,5,8.9,10,7.2
6.4,7.1,72.9,53.9,5.68,3.6,1.8,2,5,3.9,10,7.29
5.2,6.1,62.8,82.5,7.85,9.5,5.5,4,0,5.9,4,6.9
4.7,6.2,87.6,89.4,6.47,7.9,4.6,1,3,11.0,2,6.9
4.1,4.0,75.6,91.4,9.16,9.8,1.4,3,6,11.5,10,6.75
9.4,5.8,66.0,64.9,8.9,1.3,1.3,3,6,11.1,9,8.41
8.5,7.9,79.8,45.4,7.05,3.6,1.0,4,1,3.1,8,7.46
9.7,9.8,99.8,66.3,8.01,2.8,6.1,2,0,2.8,7,7.53
2.1,9.1,71.8,53.8,9.12,1.1,5.8,1,5,3.6,8,7.7
7.6,4.1,96.0,57.5,6.88,3.2,0.9,2,6,5.3,10,7.16
9.4,9.4,67.3,86.3,5.82,7.1,4.7,6,3,3.8,7,7.24
2.6,8.7,52.7,44.5,8.37,3.1,1.1,0,6,4.5,4,6.1
1.6,8.7,60.2,89.7,5.28,5.6,7.3,2,7,7.4,4,6.57
7.7,6.7,70.9,65.7,6.25,9.0,7.3,0,3,9.2,5,6.73
6.2,6.4,61.0,75.8,9.02,7.2,5.7,7,0,8.8,9,7.85
8.6,5.8,50.0,45.4,8.2,4.6,7.4,7,6,9.8,10,8.24
2.3,4.4,95.8,60.2,6.34,4.4,6.6,3,5,0.4,9,6.81
8.2,5.4,92.2,45.4,5.25,5.1,6.7,1,0,0.6,3,6.28
2.8,5.5,87.1,97.7,6.06,2.6,4.8,5,7,9.5,5,8.15
2.5,6.9,58.4,88.4,5.65,6.7,2.8,6,2,6.4,5,6.52
2.5,8.5,56.0,67.6,5.02,4.3,2.1,0,5,6.9,3,5.45
8.3,6.8,53.4,53.4,8.31,8.7,3.0,2,0,0.6,9,6.56
7.0,4.3,86.2,96.0,5.46,7.8,5.2,7,1,3.1,4,6.16
5.7,9.7,96.4,60.7,6.63,6.5,1.8,6,6,7.7,3,7.05
4.2,9.7,71.5,49.7,6.24,4.3,2.4,2,5,10.3,8,6.4
8.9,8.7,56.0,73.8,9.7,2.9,4.0,6,4,11.0,2,8.06
4.5,9.9,75.6,96.6,6.27,8.0,2.2,3,5,6.0,7,6.68
8.3,7.3,67.4,40.2,4.46,5.4,4.9,4,2,6.5,4,5.9
5.0,9.8,68.7,54.3,4.52,3.0,7.4,6,0,10.0,4,5.8
4.4,4.5,81.1,96.3,7.43,2.8,6.1,7,7,6.5,6,8.4
5.2,6.2,85.9,50.3,7.48,2.5,5.5,5,4,6.2,4,7.92
3.7,5.4,55.5,46.8,6.43,8.0,4.9,4,2,10.9,5,5.66
7.7,5.2,51.8,74.2,6.5,3.1,4.2,7,1,9.5,4,6.63
5.5,4.8,99.7,91.7,4.31,5.7,1.9,2,7,10.9,8,6.85
3.1,7.7,61.6,68.6,7.0,5.1,7.2,7,7,2.6,4,7.57
9.1,8.7,52.7,99.7,6.93,6.2,2.4,4,5,6.3,5,6.92
4.5,7.5,59.5,80.8,4.87,8.9,1.2,6,6,10.1,3,6.22
5.9,4.9,51.9,44.4,4.6,8.8,6.1,5,4,1.3,3,5.08
9.2,8.9,69.6,99.6,4.72,5.1,1.8,5,6,9.5,10,7.96
6.6,7.8,90.1,64.5,4.59,1.1,3.3,1,7,2.2,2,6.81
2.1,6.3,67.1,57.2,7.54,4.8,0.7,7,0,9.7,2,6.17
9.5,8.0,72.2,73.5,5.14,6.5,1.5,4,0,7.3,2,6.31
6.6,5.6,83.8,58.3,5.46,6.0,1.8,1,1,2.3,4,6.03
4.0,6.1,75.4,45.2,5.01,6.9,0.9,2,2,5.7,3,5.17
2.3,9.5,93.1,40.1,9.56,2.4,5.4,2,4,8.2,4,7.85
8.1,5.7,93.3,67.0,8.96,6.8,6.8,2,1,7.6,6,8.35
6.6,6.8,50.5,90.2,5.34,2.6,3.3,3,2,5.1,10,6.69
5.8,9.3,88.9,74.3,5.9,7.8,7.1,4,3,10.8,3,6.94
9.0,8.2,73.0,100.0,5.22,4.1,2.1,0,3,6.2,2,7.32
8.1,4.4,99.4,57.2,6.85,7.4,2.9,5,2,6.1,7,6.92
2.4,4.9,74.2,56.8,4.11,1.4,1.6,0,0,0.7,4,4.28
3.8,4.0,99.3,49.6,7.89,4.7,5.2,2,0,11.1,8,6.4
3.2,7.8,87.7,49.8,7.03,7.3,3.6,6,3,2.1,7,6.98
7.7,6.7,62.4,57.1,9.21,3.0,5.1,7,7,6.3,8,9.1
1.3,4.8,76.9,87.6,4.95,8.2,6.2,6,0,9.6,6,5.64
6.1,9.7,99.6,94.3,8.66,6.7,4.6,4,6,2.6,2,8.78
7.9,7.2,92.9,98.5,8.59,6.3,5.2,6,7,6.3,4,9.47
8.9,5.5,54.9,53.9,4.74,4.2,7.5,1,0,2.9,4,4.91
4.1,7.0,85.3,92.9,6.31,5.3,2.7,7,2,9.1,8,8.07
8.4,8.1,67.3,59.7,4.99,6.4,3.2,7,5,6.8,4,6.89
2.0,4.5,50.3,46.8,5.48,5.3,5.9,0,2,10.3,6,4.52
8.6,5.6,70.2,92.2,5.53,7.3,5.1,6,0,10.7,5,6.74
2.1,8.8,61.7,78.2,7.23,4.9,1.8,2,2,7.8,5,6.22
4.6,6.8,90.9,49.9,6.39,2.8,3.3,0,4,8.7,8,7.19
8.2,7.3,66.9,65.8,9.5,2.9,4.0,0,3,6.6,2,8.24
2.3,6.6,91.4,57.2,4.73,1.1,3.6,5,5,4.6,8,7.15
3.1,4.3,50.0,84.2,9.65,3.7,1.8,0,7,7.8,9,7.19
7.5,5.0,65.4,67.2,5.34,7.7,7.4,2,7,10.9,4,6.16
7.5,6.7,62.1,99.4,8.48,8.1,6.2,5,4,5.0,4,7.83
6.8,5.3,61.7,43.3,5.97,2.8,4.1,7,4,3.8,5,6.93
7.2,4.3,53.4,61.3,4.83,9.6,5.6,2,0,4.7,7,4.64
5.9,9.1,59.4,68.9,8.98,5.5,7.2,3,0,5.2,8,7.6
3.3,9.9,77.8,70.2,5.79,9.3,1.5,7,7,0.9,2,6.3
4.1,8.8,64.6,59.0,7.82,7.4,2.4,7,4,6.0,5,7.21
2.6,9.1,70.9,83.8,7.29,7.5,4.6,6,4,5.9,8,7.66
9.2,5.5,68.8,92.5,6.74,1.8,6.5,3,7,7.1,3,8.58
6.3,9.8,93.8,96.3,6.88,3.0,0.8,6,1,4.4,2,8.14
4.6,5.2,95.3,88.3,8.25,1.1,7.9,3,1,7.4,2,8.24
5.2,9.7,74.6,91.0,4.51,7.4,3.9,0,6,10.5,7,5.8
9.5,10.0,66.5,73.0,7.88,4.1,3.2,4,3,11.5,6,7.57
2.4,8.3,55.3,89.6,9.2,8.1,2.7,2,4,7.0,2,7.05
6.3,9.9,97.7,58.2,4.34,4.1,1.8,3,2,0.5,4,6.33
5.6,7.4,53.0,63.9,4.82,8.4,6.4,7,5,11.6,8,6.81
6.5,5.6,64.9,59.0,8.16,2.2,7.7,7,1,8.5,10,8.05
1.2,6.6,64.9,68.0,6.54,2.6,3.6,4,7,4.0,10,7.92
8.8,7.6,66.0,57.1,6.34,4.1,7.6,3,0,1.8,7,6.61
9.4,4.4,58.2,97.7,4.79,4.7,6.7,7,4,1.7,4,7.03
6.1,7.7,89.2,58.8,6.94,4.1,4.1,6,2,2.0,2,7.51
7.3,9.9,56.1,45.9,4.73,7.9,5.6,3,5,0.5,4,4.73
9.3,5.1,81.7,71.6,6.76,1.9,3.8,4,2,10.8,3,7.39
7.4,8.8,56.2,43.4,8.43,4.2,4.7,3,6,6.5,6,7.01
2.4,9.4,53.5,46.6,5.5,8.5,0.9,0,2,8.4,9,4.33
6.2,9.7,95.5,53.2,6.79,1.6,5.7,0,0,9.9,6,6.86
6.5,9.8,59.5,67.9,9.75,9.5,0.9,5,1,9.5,2,6.93
4.8,7.1,91.1,66.0,7.98,9.9,6.6,0,2,10.6,4,6.6
7.6,9.9,77.2,88.0,8.88,1.8,6.7,1,5,11.6,6,8.72
9.4,8.5,53.9,84.4,6.41,3.6,2.3,5,1,5.3,8,7.36
9.3,5.0,97.8,65.6,8.45,4.4,2.9,3,6,11.4,6,8.74
5.1,6.9,62.3,60.0,4.23,8.0,4.1,1,6,8.7,6,5.42
2.0,8.3,93.0,59.0,4.71,6.4,5.0,2,3,0.8,8,5.99
9.9,5.5,58.4,86.4,5.18,6.8,2.7,4,0,8.2,9,6.03
8.6,7.8,92.7,43.1,6.33,7.8,4.9,2,1,8.2,9,6.57
2.1,8.0,50.7,40.8,8.91,2.1,2.7,1,6,10.9,8,7.0
9.3,5.0,75.6,87.7,6.01,8.5,0.9,7,6,4.5,4,7.6
8.8,7.4,88.5,68.6,7.8,7.4,0.5,0,1,7.0,3,6.86
5.7,8.6,96.7,47.9,8.11,6.2,1.3,6,2,0.1,2,7.7
6.3,7.0,95.5,54.1,7.4,9.0,6.4,3,7,4.0,7,7.52
4.6,4.1,91.0,96.0,6.07,7.3,7.7,5,5,0.7,10,7.54
1.5,4.1,94.4,91.6,7.35,2.8,3.7,7,2,6.3,4,7.74
4.0,6.1,60.0,82.6,5.99,4.9,4.3,6,5,9.8,6,6.79
8.2,9.6,64.2,68.9,4.49,5.4,1.6,7,6,2.5,10,6.79
1.0,5.4,64.4,71.2,9.76,1.5,4.6,6,6,6.3,10,8.65
4.0,7.8,68.9,98.5,4.74,9.6,1.6,3,0,2.4,8,5.14
4.6,5.3,69.7,97.9,4.42,2.2,5.1,0,1,1.4,5,6.39
5.8,5.9,77.2,52.9,9.1,7.3,7.5,3,4,6.1,3,7.65
9.3,9.1,58.0,88.7,5.75,5.6,2.0,4,6,0.9,3,7.2
4.1,8.4,84.6,51.8,7.77,1.2,6.2,6,5,7.0,5,8.14
4.1,4.6,58.4,52.8,5.91,9.3,0.7,4,5,0.4,2,4.41
7.6,6.6,65.5,80.6,6.27,8.7,3.3,7,7,1.3,5,7.64
5.1,4.2,75.2,64.3,5.52,5.7,1.3,4,7,6.6,7,6.12
3.0,6.9,89.8,95.9,5.99,3.1,3.1,2,2,7.1,7,7.59
5.1,8.0,87.0,45.3,6.38,2.1,1.8,7,2,0.3,8,7.78
2.3,4.7,82.3,70.7,8.18,4.3,3.3,0,6,6.9,6,7.22
2.6,5.7,57.8,95.1,6.97,3.3,3.6,4,6,10.1,10,8.13
5.5,6.4,77.4,94.2,9.47,5.6,2.8,1,3,8.7,3,8.11
4.8,9.5,54.4,49.4,4.24,9.7,5.4,4,5,1.6,3,4.65
9.2,10.0,68.9,62.0,6.92,6.2,7.4,5,0,7.1,5,6.78
4.3,4.3,70.7,77.1,7.39,9.0,3.5,2,1,8.1,5,5.81
6.2,8.6,52.0,49.6,9.34,6.9,1.9,1,1,0.4,5,6.59
6.7,6.2,63.7,98.1,4.29,5.3,2.5,6,7,10.3,2,6.66
1.1,6.4,97.8,94.9,7.33,8.7,6.9,0,1,10.9,5,7.14
7.0,8.5,97.7,50.0,8.95,5.2,4.8,0,5,10.2,6,8.57
2.6,9.5,67.6,47.3,5.4,8.8,3.9,5,2,9.9,10,5.44
9.6,9.7,52.2,45.1,9.08,3.6,1.6,6,0,8.9,4,7.24
2.3,7.5,59.0,94.6,4.11,2.2,3.9,4,1,7.6,4,6.28
4.7,6.1,69.6,51.6,8.25,8.7,2.6,1,5,8.1,6,6.76
1.8,8.7,97.4,65.0,9.41,6.3,7.6,5,4,9.7,7,8.49
10.0,5.5,57.1,66.9,7.81,9.0,7.1,1,6,7.9,4,6.69
5.5,7.4,88.2,75.9,6.55,9.4,1.1,4,3,3.9,2,6.84
6.4,6.2,55.4,44.3,4.26,1.5,4.4,6,3,4.5,9,5.78
1.6,7.9,99.1,53.6,9.34,5.5,2.2,4,1,10.8,2,7.6
7.7,5.4,69.1,95.9,6.73,4.4,3.6,3,2,0.2,3,7.28
2.9,5.1,88.8,94.5,4.17,6.6,7.1,3,3,8.4,4,6.82
9.1,9.5,67.1,86.9,8.0,8.1,4.5,4,3,11.5,7,7.74
2.8,4.6,81.4,41.2,6.79,3.5,3.0,2,7,8.5,5,6.51
2.7,7.0,59.6,59.6,4.72,6.0,2.1,5,3,11.9,5,5.95
1.3,5.3,57.3,77.7,5.24,7.4,6.5,3,3,8.3,10,5.51
5.2,4.2,96.9,56.5,4.37,2.2,5.2,7,1,0.4,7,6.45
6.1,4.2,95.9,94.6,7.33,8.3,4.0,4,7,9.9,3,8.2
1.6,5.1,94.4,78.0,7.61,6.5,2.1,7,5,3.4,8,7.85
8.0,9.2,81.3,44.3,6.93,9.5,3.0,7,0,5.4,4,6.77
5.1,5.7,90.4,94.5,8.74,4.1,7.7,1,0,3.7,10,8.75
5.7,9.7,53.5,97.5,8.99,2.0,4.4,5,2,3.2,7,7.72
5.0,7.5,66.7,44.7,7.57,5.6,3.5,6,5,5.2,9,7.53
4.6,6.6,65.7,71.9,4.07,1.8,4.4,3,6,4.5,2,6.39
6.0,7.5,81.8,58.2,8.03,9.7,6.3,6,4,7.6,3,7.7
2.4,7.1,67.8,63.6,6.42,1.3,3.1,2,0,9.8,7,6.19
2.6,8.6,57.4,50.8,7.28,7.8,1.8,5,4,3.6,4,5.79
8.8,5.7,79.8,74.7,7.76,5.7,4.9,5,0,2.6,2,7.45
9.5,6.1,90.7,97.5,6.03,4.3,5.5,0,7,8.0,7,8.34
4.4,9.4,69.1,70.2,9.32,1.6,5.8,1,0,8.0,6,7.75
3.4,9.7,56.6,45.0,4.78,6.6,7.1,2,7,10.8,10,6.04
6.8,9.4,59.8,77.2,7.89,6.3,3.3,7,7,0.2,7,8.32
4.7,6.5,61.9,60.4,4.03,3.5,1.1,2,2,10.2,6,5.65
1.2,8.7,65.0,91.4,9.36,9.2,7.7,6,3,6.3,2,7.47
2.4,6.9,82.1,66.1,4.65,3.7,3.8,2,2,7.5,2,5.96
7.4,7.0,80.0,51.6,4.55,5.0,5.2,1,7,1.1,2,6.53
6.9,5.2,84.8,51.5,5.93,5.9,5.5,2,7,5.2,8,6.8
1.2,7.5,68.1,86.1,6.17,1.9,4.6,0,0,2.7,7,6.62
3.0,5.1,91.2,55.9,5.24,9.4,2.0,3,5,3.1,6,5.93
3.1,6.0,60.2,86.0,7.39,4.4,6.2,1,3,6.0,5,7.08
7.0,9.1,73.5,52.4,6.57,1.7,6.5,2,5,9.7,9,7.67
1.2,5.2,90.0,59.3,4.2,4.5,4.6,4,5,8.9,9,6.1
1.9,4.4,59.0,67.9,5.85,6.4,4.2,3,5,7.1,6,5.71
8.2,4.4,55.5,96.6,8.7,5.6,1.4,6,3,6.5,5,7.3
2.6,9.6,94.2,95.9,8.0,7.3,1.1,7,5,5.1,3,7.87
6.9,7.0,67.1,52.4,8.2,1.5,3.0,5,3,11.7,8,8.01
3.1,6.5,84.2,61.5,8.05,3.6,2.8,1,4,6.7,6,7.76
1.9,8.9,51.3,49.0,5.8,8.4,7.7,4,7,3.0,4,5.87
3.2,9.0,84.5,70.6,4.58,1.7,6.4,5,6,2.8,10,7.52
7.5,6.0,65.8,67.6,5.58,8.7,5.4,4,0,7.3,10,6.32
8.7,8.2,52.8,94.0,8.82,1.8,4.4,2,1,6.3,9,8.24
8.5,8.6,80.5,95.8,9.69,8.5,1.8,7,5,0.1,2,8.7
4.6,7.9,62.0,63.0,6.86,4.2,7.8,1,2,10.0,4,6.36
7.0,4.9,69.3,69.5,4.06,6.5,3.3,7,4,8.4,3,5.95
2.8,9.3,54.0,93.8,4.81,2.4,1.3,7,2,7.9,5,6.4
3.6,7.2,57.4,88.4,5.87,1.6,4.2,6,1,0.8,3,6.94
9.1,5.7,64.9,40.2,7.36,2.9,7.1,2,3,4.3,9,7.39
1.1,6.6,54.5,59.2,4.44,2.2,7.2,5,1,11.2,2,5.54
1.8,4.2,95.5,65.3,9.47,3.8,0.6,6,2,10.4,5,7.72
2.9,4.8,50.3,53.8,6.12,5.6,7.1,7,7,3.4,6,6.3
1.2,8.6,74.2,52.0,9.29,6.3,2.5,0,7,1.9,5,7.53
2.6,4.0,56.2,42.3,8.53,8.1,0.8,4,1,5.4,9,5.19
6.2,6.5,65.4,78.6,8.38,6.9,6.9,0,7,4.3,3,8.17
4.8,7.1,96.3,55.8,7.52,6.5,7.0,5,0,8.2,10,7.98
9.0,4.3,58.1,43.1,7.64,4.7,5.0,2,1,11.6,3,5.74
8.4,9.8,98.3,53.9,7.7,5.3,4.8,6,5,4.4,3,7.92
4.1,5.4,60.3,88.1,7.65,4.7,6.6,6,0,0.7,3,6.82
3.3,5.8,87.1,91.1,7.21,8.6,6.4,6,5,10.8,9,7.87
4.4,5.8,77.3,69.0,9.72,3.1,7.2,3,6,0.5,4,8.44
6.3,5.4,94.2,65.0,8.25,1.1,4.6,4,6,11.4,9,8.85
3.4,4.0,77.7,98.7,8.51,6.9,7.8,3,1,8.0,8,7.09
6.6,8.4,76.7,52.0,9.06,2.8,8.0,1,0,11.3,5,7.79
4.7,9.8,59.8,52.9,5.25,9.0,1.4,4,7,2.4,8,5.85
6.0,5.3,58.3,57.5,4.49,8.7,6.9,0,0,0.5,9,4.7
4.9,8.0,95.8,50.4,6.8,1.7,4.2,3,6,5.9,7,8.5
3.7,8.5,66.4,62.8,6.98,2.0,3.4,5,1,5.4,7,6.76
9.5,9.1,68.6,94.7,8.81,5.5,5.1,1,4,4.0,4,8.15
7.9,6.5,88.0,76.9,6.57,6.5,0.9,4,3,11.5,6,7.38
2.3,5.8,66.9,64.7,7.31,3.5,4.3,6,3,9.9,3,7.29
8.8,6.0,97.6,96.1,7.06,7.5,7.0,5,3,7.9,6,8.1
5.4,8.3,86.9,42.9,4.22,6.4,2.1,7,7,2.0,6,6.36
9.1,8.9,79.9,52.6,7.57,3.9,3.7,1,0,8.8,8,7.17
8.2,5.1,94.0,74.0,8.8,1.2,7.5,0,7,8.7,5,9.16
4.8,6.2,52.5,76.9,4.91,7.8,3.7,6,6,5.1,7,6.4
1.2,9.4,62.9,42.4,7.45,2.9,3.2,5,3,11.1,10,6.33
3.4,8.8,73.3,64.2,7.44,8.5,3.8,4,6,2.0,5,6.68
5.9,9.9,61.3,78.9,4.95,4.8,4.4,1,0,3.2,7,6.01
6.7,8.5,87.2,81.9,4.72,6.2,5.2,2,6,0.8,10,7.26
3.3,6.4,96.0,78.3,9.68,8.9,6.5,7,4,9.5,2,8.52
2.3,7.5,71.2,59.2,6.28,8.8,3.9,4,7,7.5,9,7.11
8.5,8.0,67.1,45.6,5.32,4.3,6.6,4,1,3.8,2,6.6
9.9,4.5,98.1,65.6,4.99,2.9,4.5,6,6,2.0,5,8.02
5.7,7.3,72.2,47.7,7.87,8.0,3.0,4,6,0.5,4,6.86
2.5,8.3,74.5,96.9,7.53,4.9,5.4,6,1,2.0,5,7.53
3.5,5.0,67.6,68.5,7.73,2.7,5.9,4,0,5.4,8,7.04
1.2,8.7,95.5,59.0,4.51,9.1,4.7,2,0,3.0,10,5.72
9.2,7.5,78.4,86.0,9.18,2.8,0.9,5,7,3.1,10,9.78
2.1,9.7,88.1,69.9,6.26,1.2,1.8,5,6,10.5,2,7.54
6.2,4.3,90.6,58.6,5.82,1.2,2.6,5,4,6.2,2,6.22
3.5,5.6,67.1,88.7,6.68,6.6,2.6,0,3,8.8,10,6.69
6.0,7.6,71.7,92.0,6.26,7.0,5.6,2,4,0.4,5,6.97
6.9,5.8,92.4,80.4,9.01,3.8,0.6,2,1,4.4,4,8.28
8.5,8.3,68.2,42.8,9.39,3.9,6.2,7,1,5.8,10,8.38
2.9,8.6,89.7,74.0,5.76,4.1,2.5,1,5,2.2,6,6.8
1.1,4.6,97.0,85.8,9.01,7.1,2.8,3,3,1.4,7,7.4
2.2,7.1,81.2,48.2,8.53,1.5,4.5,5,6,10.4,2,7.6
9.1,7.1,87.1,53.7,9.4,9.4,2.1,3,1,11.3,2,7.46
8.9,6.2,90.3,92.9,5.43,3.0,7.1,1,5,0.9,8,8.07
6.4,9.6,92.3,41.2,7.35,10.0,1.1,2,0,4.2,9,6.25
6.4,9.0,69.8,85.2,5.59,2.5,3.8,1,1,11.5,9,7.0
7.0,8.2,52.6,68.4,8.78,7.9,6.9,4,2,1.0,8,7.87
2.6,8.3,70.1,66.8,4.03,3.0,5.1,1,3,7.7,10,6.19
9.2,6.8,83.7,40.4,7.28,1.7,2.7,1,5,11.7,2,7.47
4.8,9.5,72.5,89.2,5.97,8.9,3.7,6,3,11.7,3,6.97
4.4,8.2,87.4,61.6,5.87,8.7,5.8,4,3,5.7,4,6.52
5.7,8.4,67.8,72.4,7.74,4.6,7.8,6,2,2.0,6,7.61
1.4,9.2,81.7,80.6,8.94,7.3,7.2,3,4,2.4,5,7.83
2.5,5.6,59.3,82.2,7.53,6.0,3.1,7,0,10.7,5,6.41
7.6,8.8,87.5,97.4,8.95,8.7,8.0,4,3,10.9,9,9.59
1.7,5.2,77.3,71.9,5.53,3.8,0.5,7,1,7.3,9,6.88
6.4,6.1,60.2,64.0,7.01,5.7,0.7,0,7,9.2,8,7.18
3.2,6.0,64.6,97.2,6.61,5.4,6.7,1,0,8.9,2,6.47
4.5,9.9,87.4,78.5,4.07,4.2,2.0,7,1,7.9,5,6.57
3.6,9.1,74.1,57.9,7.23,9.0,1.0,1,0,9.9,2,5.29
4.2,8.2,60.8,47.6,7.84,2.5,2.3,6,6,8.2,6,7.74
7.5,8.4,98.4,90.6,7.43,2.3,3.7,3,0,6.4,4,8.09
3.7,7.4,85.8,61.7,8.27,6.2,6.0,6,5,2.8,4,7.57
6.1,9.7,97.9,79.6,7.31,6.9,5.2,2,1,8.9,5,7.16
5.3,7.0,71.4,68.2,4.39,2.8,2.3,4,7,5.7,3,6.41
7.0,6.3,73.8,51.9,4.68,4.5,4.3,2,1,3.5,8,6.43
9.4,5.0,94.9,76.1,7.46,9.5,7.4,0,6,9.6,5,7.99
7.6,8.7,76.3,43.6,5.59,3.2,6.6,4,0,8.4,6,6.34
2.9,8.4,85.4,64.8,4.46,7.0,2.9,0,3,11.2,3,5.84
1.3,6.3,62.6,72.8,6.49,7.7,7.9,0,7,2.0,7,6.69
3.4,4.2,72.3,66.2,7.22,5.0,5.8,0,1,7.8,10,5.6
6.4,9.0,56.2,84.9,5.91,9.4,1.0,5,6,2.9,9,6.54
1.5,4.1,60.3,89.7,8.18,7.6,0.8,4,7,10.8,9,6.48
5.5,8.2,50.0,86.3,7.73,5.1,1.8,7,2,1.2,3,7.5
6.4,9.8,52.0,42.3,5.93,6.1,6.0,4,2,7.9,5,5.22
4.0,6.6,98.9,51.6,8.38,7.2,1.9,5,0,9.5,9,7.57
7.9,5.4,62.1,72.2,7.76,6.3,4.3,3,4,4.3,2,6.79
2.0,8.2,83.2,96.1,7.7,8.9,1.2,7,0,11.4,9,7.72
1.7,8.9,92.0,90.1,7.21,4.2,7.4,5,6,10.2,4,8.43
7.6,7.3,77.5,90.6,4.07,3.7,3.1,7,0,3.5,9,7.24
5.5,9.8,57.7,58.2,8.04,2.9,7.3,1,3,0.1,7,6.86
7.2,4.3,86.4,65.8,6.18,1.3,7.6,2,3,3.6,8,7.57
4.9,7.0,80.0,68.2,9.47,1.4,0.5,2,5,3.4,3,8.07
3.2,8.3,86.6,49.4,8.74,8.8,4.0,0,6,10.7,2,6.65
8.4,9.2,88.5,41.9,7.41,7.1,0.7,4,4,11.6,7,7.3
8.2,5.1,98.8,96.8,5.46,6.9,7.3,4,7,0.8,4,8.04
7.3,8.8,78.7,54.4,5.18,6.5,4.4,0,6,5.7,5,5.93
3.4,7.3,67.1,54.4,5.97,8.6,1.1,1,6,6.6,10,6.52
6.3,6.4,82.4,45.0,6.76,5.3,1.3,2,4,1.1,4,6.56
4.2,4.8,53.4,95.7,5.72,8.8,3.4,5,6,4.5,3,5.93
1.8,9.2,94.9,74.8,6.99,4.2,7.6,3,4,3.8,3,7.7
9.3,4.9,56.0,80.0,4.96,9.3,5.7,7,4,6.4,3,6.6
2.2,5.9,66.4,94.7,9.67,7.3,7.0,7,4,7.9,7,8.15
9.6,5.7,90.8,60.7,4.63,3.3,3.2,7,6,8.4,3,7.7
5.0,9.2,79.9,77.3,9.41,6.1,0.8,7,6,1.6,8,9.23
2.7,8.0,69.7,42.3,9.3,5.8,7.8,6,0,9.8,8,7.61
5.9,8.8,73.7,51.2,7.05,2.2,0.6,1,6,8.1,8,6.77
8.9,5.5,92.7,89.9,8.2,6.3,7.6,7,0,10.7,3,8.51
7.6,7.7,67.0,86.0,6.53,3.8,3.3,4,5,5.4,8,8.03
8.3,7.4,93.5,61.0,7.65,1.5,0.6,6,2,10.7,9,8.88
6.9,9.0,54.4,62.6,5.98,9.5,5.7,0,2,10.4,9,5.47
7.2,9.4,88.8,72.0,5.75,6.8,7.9,2,5,5.3,3,7.34
8.6,4.1,92.4,40.0,7.35,8.9,7.7,6,5,4.6,6,6.7
3.2,8.0,59.1,54.5,6.89,7.1,1.7,0,1,11.2,7,5.14
5.4,4.3,71.5,52.5,7.36,4.2,1.9,4,0,8.6,10,6.11
3.0,7.3,58.3,55.0,5.66,5.6,4.7,7,4,11.1,7,6.94
9.9,5.7,85.3,88.4,6.13,7.1,5.3,0,7,9.6,7,7.71
9.5,5.8,76.8,56.8,4.49,9.6,6.0,5,1,7.3,7,6.15
1.4,6.1,81.8,51.5,4.3,3.3,1.9,6,3,1.4,10,6.42
7.4,7.7,59.8,70.3,5.47,8.9,7.7,6,0,3.5,8,6.82
9.3,6.0,60.6,91.9,4.43,9.3,5.3,7,6,11.6,2,6.64
2.6,8.4,52.1,54.5,4.6,7.0,6.9,2,5,3.8,2,5.34
6.1,6.4,66.1,44.7,8.71,9.4,4.6,0,2,1.1,5,6.02
9.2,4.4,78.0,61.4,4.23,4.6,3.6,2,0,8.5,3,5.81
1.3,8.7,92.9,84.9,7.82,9.6,7.8,6,5,8.8,4,7.83
7.3,5.7,83.3,73.0,5.58,7.3,4.9,0,7,3.4,8,6.72
3.7,6.6,71.8,89.0,9.05,1.4,7.0,0,7,3.6,8,8.82
9.3,8.1,97.7,97.6,6.81,9.2,7.6,2,0,5.6,4,7.89
9.7,6.0,86.0,87.6,5.77,5.4,5.6,5,6,0.3,3,8.23
9.5,4.3,96.5,76.2,7.0,5.1,4.6,0,0,9.5,2,6.76
5.3,6.2,76.4,69.6,6.22,6.1,0.5,5,6,3.8,10,7.06
8.8,9.7,62.9,42.4,7.27,2.3,0.8,1,0,10.2,4,6.34
8.6,7.9,52.6,99.1,4.66,5.2,2.0,3,3,9.6,10,7.03
3.9,8.0,86.3,63.0,9.78,8.5,1.9,1,2,7.9,5,7.71
8.5,7.8,56.1,49.1,6.47,1.1,2.4,3,0,3.9,7,6.33
1.3,5.2,65.1,80.0,6.02,3.5,2.8,1,5,6.2,8,6.41
6.4,6.5,76.6,57.1,8.12,1.0,3.2,3,3,5.3,7,7.84
3.1,8.5,78.2,75.1,6.11,4.7,3.7,0,7,4.1,2,7.06
2.1,4.6,80.0,75.2,8.83,7.6,1.2,2,1,10.2,7,6.76
1.7,5.7,58.3,66.7,6.63,8.2,0.8,2,0,5.8,7,5.24
7.3,5.7,69.0,90.2,8.17,9.5,5.6,7,6,10.0,6,7.84
4.1,6.6,80.9,55.9,4.62,6.5,4.5,4,3,1.3,4,6.54
7.5,9.9,98.5,66.9,8.91,3.3,3.8,7,4,1.7,4,9.08
1.6,4.4,86.4,72.3,8.27,9.3,5.3,3,1,11.7,8,6.33
3.8,7.1,96.1,79.8,5.23,8.0,6.7,4,2,7.1,9,7.36
5.9,5.1,88.1,87.0,4.84,6.2,3.7,5,0,6.1,4,6.1
8.1,9.8,79.6,63.7,5.83,7.3,5.3,5,0,6.3,4,6.66
3.9,4.7,59.6,78.8,9.66,9.3,7.7,4,3,2.6,8,6.87
6.6,6.4,83.3,49.0,5.49,7.4,6.8,3,7,8.6,8,7.0
9.0,8.4,81.2,96.0,6.65,4.3,3.7,2,2,1.0,10,8.2
6.5,8.2,80.1,63.0,4.17,7.4,5.3,3,4,6.9,7,6.62
3.1,6.5,74.5,83.8,6.3,1.4,1.8,5,1,6.8,8,7.31
1.2,6.1,76.4,41.2,7.31,4.5,4.7,0,5,11.0,2,6.35
8.8,6.4,66.7,52.3,9.53,4.7,7.9,4,2,6.3,8,8.31
1.2,5.6,76.0,69.2,7.0,2.5,4.4,4,0,1.6,3,6.62
8.9,5.2,59.9,92.7,8.75,1.2,7.5,5,3,6.9,8,8.7
5.8,6.9,90.3,71.6,7.17,2.2,3.6,3,4,1.1,4,7.99
9.5,5.6,59.3,95.8,4.24,6.9,8.0,4,3,2.4,10,6.46
8.2,5.7,54.2,69.0,5.83,8.2,4.8,2,1,0.4,6,5.54
10.0,7.9,71.8,69.4,7.34,9.9,0.8,4,6,6.2,8,7.55
4.2,9.8,82.9,47.2,9.51,4.1,4.9,3,6,1.0,9,8.04
7.9,7.6,71.9,88.2,8.98,6.4,2.6,5,2,5.6,3,8.2
4.6,4.5,63.8,54.8,5.32,9.4,0.7,2,3,11.2,2,4.27
5.3,4.5,77.9,94.0,5.28,2.5,6.7,2,5,8.6,8,6.9
6.6,9.7,67.4,94.6,5.17,7.5,2.6,4,5,0.9,7,6.53
8.9,5.8,96.6,96.6,9.35,7.8,6.5,3,6,2.7,7,9.36
9.9,4.6,96.1,71.2,8.95,1.8,2.7,4,6,8.1,3,8.72
7.9,7.6,75.1,80.6,8.49,8.8,2.0,6,3,10.7,4,8.05
4.8,7.7,66.4,86.7,6.28,8.3,7.8,0,7,0.4,5,6.92
4.8,7.9,86.9,47.9,6.93,1.3,3.2,7,0,9.7,4,7.16
7.6,5.6,51.8,76.1,6.69,1.8,5.0,5,3,6.7,3,6.72
3.1,4.1,73.7,42.1,5.47,1.4,5.1,6,4,6.6,4,6.47
2.0,9.8,66.8,69.9,6.93,4.0,4.7,7,2,11.5,7,6.7
4.2,5.5,96.0,49.3,4.18,5.6,7.4,0,1,9.0,10,5.75
3.6,8.1,50.6,51.0,4.76,5.8,5.6,2,7,10.2,5,5.79
3.7,8.2,77.6,61.9,9.14,3.4,3.5,4,5,4.2,7,8.44
3.1,7.7,87.0,65.9,8.36,9.2,7.0,0,7,6.7,2,7.51
1.4,5.9,74.3,77.4,6.45,4.3,1.9,1,3,7.4,7,6.36
1.2,5.6,54.3,44.5,7.0,1.4,4.6,0,4,3.9,4,5.69
9.9,7.6,98.6,70.2,6.15,3.7,7.6,4,7,6.8,10,9.16
4.8,9.2,75.9,51.0,8.3,5.8,5.2,7,6,2.8,5,7.83
4.5,9.7,80.7,74.4,8.55,4.7,6.6,4,5,1.7,8,8.33
7.1,4.6,61.8,78.2,8.43,3.5,5.4,5,7,4.5,5,8.27
3.0,4.9,74.2,73.4,8.19,2.2,6.8,0,5,8.9,7,7.36
9.5,9.7,71.5,84.3,5.19,8.4,7.6,4,1,11.0,8,6.7
8.1,8.4,53.7,60.1,5.96,10.0,2.5,4,5,5.5,3,6.18
1.8,9.3,55.3,85.9,6.73,4.0,1.8,6,7,7.7,7,7.49
4.8,5.2,91.9,66.0,5.92,4.4,4.1,5,4,1.2,9,7.81
8.9,7.5,62.0,69.1,8.38,6.6,5.8,6,5,10.9,7,7.89
9.5,8.2,59.7,78.9,5.91,7.5,2.2,5,5,6.8,3,7.16
5.2,8.1,75.2,41.1,4.8,4.5,0.5,5,3,9.4,5,6.18
6.5,6.4,88.4,79.2,6.31,9.1,3.1,7,3,9.5,2,7.11
2.5,4.1,53.1,77.1,9.68,6.0,7.8,6,6,3.1,8,7.64
9.9,7.5,78.8,58.6,5.31,5.1,5.7,5,2,6.4,9,7.69
3.1,5.5,56.0,45.1,7.55,6.8,3.5,1,0,11.5,3,4.94
9.5,6.7,51.8,45.5,6.51,9.6,1.9,7,4,1.1,6,6.46
6.8,9.7,52.6,95.4,4.41,8.2,3.2,2,0,8.2,9,5.58
6.5,6.4,91.7,81.4,6.83,1.4,1.8,4,0,11.5,9,7.7
5.6,9.0,55.9,47.6,8.07,4.0,1.3,3,5,3.6,6,6.78
3.1,5.1,52.3,61.4,6.98,5.2,7.3,5,7,10.3,9,7.01
2.6,8.0,71.9,75.5,9.06,3.8,8.0,2,6,11.2,7,8.26
3.0,9.9,92.2,90.1,5.68,7.3,1.7,5,1,9.0,6,6.39
2.7,4.6,63.1,42.6,4.5,8.4,0.9,7,7,2.8,5,4.95
8.0,4.0,71.1,54.2,9.43,7.6,3.0,7,7,4.0,6,7.76
4.2,6.6,52.0,93.4,6.19,9.9,4.0,2,1,0.4,5,5.94
1.5,4.6,72.5,40.5,7.34,3.5,2.0,3,5,10.0,2,5.69
9.7,8.5,78.9,52.1,8.59,8.9,2.8,7,6,10.2,4,8.27
9.0,9.5,78.5,97.5,5.88,7.9,2.0,0,4,7.6,9,6.73
9.3,6.6,66.6,76.8,8.15,4.3,6.3,1,0,4.2,8,7.33
10.0,5.6,65.8,55.7,4.79,7.6,5.8,4,2,0.9,8,6.03
2.6,6.6,55.3,44.0,5.69,1.9,5.3,0,6,9.0,4,6.06
4.6,8.3,68.3,41.7,4.84,8.1,3.4,6,0,8.7,10,5.8
7.8,4.1,55.0,54.7,8.71,5.8,7.3,3,1,11.0,7,6.43
7.3,7.5,88.3,92.9,5.29,3.6,7.8,1,0,8.8,9,7.58
2.4,7.7,98.3,65.0,8.16,6.9,1.8,1,3,9.9,9,7.41
8.3,7.8,98.5,83.2,9.47,6.8,2.2,1,3,9.0,4,8.63
3.0,5.5,93.3,95.1,7.06,2.9,4.4,3,2,7.6,5,7.59
3.0,8.3,80.0,64.5,7.13,1.3,1.2,5,4,5.1,7,7.51
5.8,4.5,85.0,51.5,6.67,4.9,3.8,5,0,10.8,3,6.2
6.3,5.2,64.3,71.0,5.89,6.1,4.9,7,3,7.8,8,6.53
6.2,9.3,81.5,94.5,6.76,8.9,4.4,6,4,4.8,3,7.33
1.8,8.4,72.8,88.3,7.5,9.4,3.0,5,6,1.0,6,7.46
8.9,4.1,74.1,43.9,9.72,5.8,4.6,7,6,3.5,5,7.86
3.4,5.5,87.9,81.6,9.44,7.8,7.7,0,3,6.5,10,7.9
2.2,5.3,64.1,74.3,9.0,5.0,2.0,7,4,3.3,3,7.25
9.0,5.6,65.9,94.4,9.16,7.7,5.4,4,4,2.7,8,8.82
9.6,5.5,96.2,47.3,6.71,2.8,0.8,7,3,6.3,8,7.81
8.8,4.4,52.8,72.0,7.81,4.3,1.0,1,5,2.0,8,6.65
8.3,6.8,74.3,92.8,9.19,6.7,4.6,6,1,9.6,2,8.39
6.9,8.4,95.6,64.6,6.28,1.2,1.3,6,4,5.8,9,8.26
6.0,7.6,80.5,68.9,9.58,7.5,0.7,1,6,6.9,3,7.92
1.8,8.0,77.3,44.2,6.41,8.5,1.8,0,5,1.8,6,5.33
4.7,4.5,62.5,56.7,7.49,4.6,4.7,7,0,3.9,3,6.3
4.4,9.7,67.2,59.5,8.12,5.0,5.8,5,5,4.9,6,7.73
3.3,9.0,92.6,96.7,9.51,8.7,2.0,7,3,9.7,8,9.22
7.5,8.8,78.0,57.0,5.42,8.0,5.5,1,5,9.2,7,6.4
5.5,8.9,75.7,67.7,8.33,3.6,1.9,1,1,2.7,6,7.24
1.7,9.6,55.0,80.3,7.02,3.9,5.1,3,3,7.4,5,7.07
3.0,7.3,50.8,49.7,5.56,7.1,3.6,2,2,2.9,9,5.59
7.1,5.2,98.2,69.2,8.5,6.1,5.4,6,0,11.9,9,8.18
1.7,7.7,68.8,84.3,7.2,2.5,8.0,0,6,11.4,2,7.28
8.7,8.5,80.2,92.0,7.83,3.8,7.5,7,2,6.8,3,9.22
5.5,8.4,54.0,77.6,5.87,9.1,0.5,0,5,8.4,4,5.27
5.3,7.1,84.2,80.1,6.79,7.2,7.1,5,4,9.6,2,8.01
6.3,4.4,96.6,47.6,7.58,9.9,1.0,0,5,8.7,4,6.03
8.4,6.2,78.8,96.7,6.35,7.9,7.6,5,7,8.4,9,8.63
4.1,9.5,56.3,48.0,5.15,9.5,2.6,7,6,11.5,5,5.43
7.1,7.5,79.1,86.5,9.58,2.9,3.4,3,6,7.2,8,9.24
6.1,7.2,88.3,55.9,6.97,7.9,1.2,7,7,7.6,8,8.28
3.4,5.6,70.3,96.0,8.26,1.2,1.3,3,4,10.2,6,7.77
8.9,6.2,94.0,83.2,6.38,7.0,6.0,4,2,8.0,2,7.62
8.2,9.4,82.4,85.2,6.06,5.2,7.6,5,2,8.8,5,7.71
6.9,8.0,95.0,53.1,6.36,4.1,5.1,6,4,2.8,8,8.22
8.7,8.7,81.2,66.6,6.37,8.8,5.9,3,1,4.5,6,6.6
8.8,6.7,56.6,77.1,7.16,8.7,6.2,7,7,1.8,3,7.61
7.4,7.8,65.5,86.2,7.15,1.2,2.5,5,0,6.1,9,7.7
8.5,5.5,60.1,46.2,6.88,6.5,0.8,6,3,5.5,3,6.48
7.3,8.2,95.4,97.7,4.78,4.3,0.5,7,7,12.0,9,8.37
7.1,6.6,88.0,93.4,6.88,4.7,3.1,6,2,7.3,3,7.78
6.6,6.7,83.8,56.2,4.98,8.5,2.3,7,0,9.4,6,5.82
7.8,7.9,65.0,89.4,4.73,3.8,1.0,0,3,4.0,5,6.02
2.4,9.6,59.2,71.1,9.41,9.5,1.8,4,5,10.0,2,6.97
8.9,4.4,87.8,67.7,7.51,2.6,1.4,2,3,7.4,9,7.44
8.8,8.9,73.7,58.9,7.83,7.0,7.4,1,2,8.4,4,7.21
1.3,5.8,61.3,74.9,6.33,7.0,1.6,1,1,3.5,5,5.51
8.4,6.7,80.8,83.8,9.27,3.3,4.5,4,1,6.6,5,8.87
2.2,4.1,52.0,64.7,7.7,3.9,4.9,5,0,7.6,6,5.83
4.0,5.8,66.3,77.8,8.46,8.5,4.6,5,5,7.1,4,7.64
7.7,7.0,73.4,82.0,6.14,7.9,1.2,5,0,11.0,10,7.05
2.4,4.3,57.4,82.7,9.57,4.0,2.9,2,4,10.8,5,7.28
8.4,6.9,99.2,43.1,8.76,5.8,0.9,6,1,11.7,5,8.28
8.5,9.6,60.5,91.6,8.95,1.6,3.5,1,0,8.0,7,7.54
5.6,4.6,56.5,67.5,5.0,2.9,1.9,4,4,11.7,9,5.83
1.1,8.6,60.2,55.7,5.57,5.4,4.7,5,5,10.0,8,6.1
3.6,6.5,88.5,54.5,5.66,1.8,5.7,3,6,3.2,5,7.6
6.6,7.9,71.3,69.0,5.57,8.6,4.5,0,3,5.1,5,5.92
9.8,5.6,78.3,93.2,8.96,7.5,3.8,2,0,2.9,6,7.7
6.7,5.0,51.1,62.7,4.18,9.5,3.4,7,4,0.1,6,5.32
3.3,5.0,51.7,85.0,4.44,7.2,6.8,5,1,2.3,2,5.19
6.7,4.4,72.3,45.8,5.59,9.5,2.1,1,7,0.0,9,5.41
5.9,5.1,90.8,68.6,5.16,6.0,6.0,0,3,8.6,6,6.78
8.0,8.0,94.3,99.5,5.34,6.4,6.2,4,0,5.1,4,7.91
2.0,9.3,54.3,86.2,8.63,9.8,3.6,5,1,3.8,4,6.47
7.8,8.9,76.9,52.6,7.27,6.8,2.7,1,6,9.1,5,6.58
5.9,8.1,95.7,70.1,4.03,1.3,4.0,0,3,10.0,8,6.69
9.7,4.7,69.4,54.0,6.49,7.5,1.2,3,2,11.7,6,6.08
4.1,5.7,91.5,64.6,6.37,9.1,0.8,2,1,7.7,2,5.55
6.7,5.9,56.7,86.8,4.66,8.2,1.3,4,2,5.5,6,6.27
9.4,5.5,96.8,86.3,7.92,6.3,1.9,7,5,3.7,6,8.93
1.9,7.1,87.6,53.7,8.07,7.0,4.3,1,0,2.7,7,6.72
9.4,7.2,97.1,95.3,8.18,9.9,6.9,6,6,2.6,8,9.31
7.2,6.1,83.8,75.6,8.23,1.8,2.3,3,4,4.9,6,8.45
1.6,6.1,68.2,62.8,4.0,7.0,7.5,2,0,11.9,3,4.63
3.7,9.0,96.9,70.1,9.53,3.6,7.7,2,1,0.0,3,8.93
7.4,8.7,63.8,76.3,8.72,6.8,7.7,6,2,2.4,5,8.41
1.6,5.8,66.6,73.6,9.24,6.5,6.8,7,7,2.3,2,8.35
6.2,9.5,85.0,69.2,4.09,2.4,3.2,3,2,8.6,8,6.15
4.1,9.7,88.3,70.3,9.42,2.9,1.0,1,3,4.2,2,7.68
6.6,6.0,96.5,50.6,8.7,6.6,4.8,2,0,5.5,4,7.7
1.4,6.1,60.2,88.8,8.86,2.2,4.7,4,0,1.8,8,7.81
8.8,7.0,89.9,72.5,4.54,3.4,6.9,0,1,4.9,7,6.8
9.8,9.6,86.9,47.9,8.28,8.5,8.0,4,7,1.2,8,8.03
9.7,9.3,53.2,86.0,9.57,3.9,4.3,7,2,6.4,6,8.52
7.7,4.6,69.4,95.9,7.94,5.4,3.1,5,1,1.2,9,7.46
2.2,6.4,64.1,96.8,7.31,9.5,1.9,7,1,9.5,7,7.32
7.8,7.3,65.2,62.1,9.48,3.0,0.5,2,5,6.8,5,7.59
1.2,7.0,99.1,48.1,6.57,4.5,4.3,0,2,8.7,2,6.6
1.2,5.2,82.1,71.1,7.48,6.5,4.7,3,1,5.0,3,6.11
3.9,9.2,85.9,46.8,6.76,7.8,6.7,0,2,4.6,7,5.94
5.4,8.1,98.8,96.0,9.41,9.1,4.3,7,1,1.2,5,8.48
7.9,9.0,68.9,51.0,4.44,9.2,7.4,0,7,6.3,4,5.52
7.1,9.2,90.1,55.2,6.91,8.0,5.2,6,4,6.2,8,8.0
5.0,8.5,71.7,64.4,7.98,3.1,6.8,0,7,5.6,8,8.01
3.5,6.6,93.5,63.0,8.59,1.2,1.6,2,7,8.9,3,7.92
10.0,7.7,59.0,87.7,7.38,4.5,6.9,6,1,10.0,9,8.61
4.8,5.0,97.4,67.4,9.27,2.3,5.6,7,7,9.0,2,9.43
5.1,8.0,60.9,50.2,9.46,7.4,1.8,7,7,1.7,8,8.02
2.5,5.1,66.3,56.0,4.37,7.0,1.9,7,7,7.5,2,6.05
8.2,8.2,87.8,70.5,6.33,1.4,7.4,6,1,1.0,4,8.38
7.2,5.4,69.7,48.8,4.14,8.5,0.7,5,6,8.3,4,5.61
3.0,4.7,80.4,76.7,5.91,3.2,4.0,5,4,4.6,3,6.59
1.7,5.0,72.2,73.9,7.11,4.9,2.9,6,0,1.6,6,6.71
7.1,4.0,87.1,82.9,9.28,7.0,5.5,6,2,10.3,5,7.97
6.9,8.3,61.4,96.3,8.91,4.9,6.8,7,6,7.4,7,9.38
3.5,8.4,52.9,94.7,4.74,5.0,3.2,7,3,4.3,3,6.32
9.6,7.1,65.0,96.8,4.54,1.6,3.7,7,4,0.4,5,7.85
2.4,5.0,73.7,54.7,7.42,4.6,7.9,1,6,6.4,8,6.68
4.9,4.5,58.4,47.9,7.09,7.9,6.4,5,7,11.1,2,5.51
9.5,4.1,67.7,58.1,5.54,9.2,7.2,2,0,7.2,4,5.31
4.8,5.0,70.0,93.7,9.22,4.7,3.8,1,1,11.7,2,6.88
6.7,9.3,52.9,98.3,9.38,4.8,2.3,3,5,1.6,3,7.98
4.6,5.4,79.2,91.6,6.34,7.3,3.6,3,0,6.8,10,6.86
3.5,6.1,94.2,46.6,9.16,9.5,5.9,3,4,9.6,6,7.6
9.9,4.6,57.6,96.8,6.23,3.4,1.3,3,5,6.3,5,6.94
4.7,5.3,79.9,65.4,8.27,5.0,2.5,3,1,1.1,5,7.1
9.0,7.1,83.2,40.6,6.76,8.2,0.8,4,0,7.0,9,6.73
3.1,7.6,71.0,66.5,4.71,6.5,3.7,6,3,7.3,4,6.42
2.9,5.5,85.1,42.8,9.38,2.0,6.7,2,2,8.7,5,7.98
1.3,4.3,70.5,72.6,6.63,6.6,0.7,1,2,9.1,3,5.13
6.9,6.3,75.2,60.3,8.26,2.7,5.6,3,4,9.2,7,8.14
4.3,5.4,50.4,68.4,6.13,5.6,7.5,4,6,8.0,10,6.5
8.8,5.3,84.6,76.8,4.11,5.8,2.3,7,1,2.6,5,6.74
5.3,9.8,83.1,92.1,4.58,8.9,5.7,7,1,4.9,7,6.81
9.7,7.7,51.9,79.7,6.88,5.2,7.8,5,2,9.3,5,7.54
2.7,7.3,68.4,66.0,8.0,3.5,7.7,4,0,11.4,3,7.45
8.8,6.5,99.0,89.2,5.94,3.1,2.3,4,1,0.9,7,8.15
8.0,6.6,71.0,94.3,8.03,8.9,1.3,2,3,6.4,8,7.71
7.9,7.2,75.1,47.2,8.05,2.5,1.6,3,3,3.8,5,7.78
8.6,8.2,95.5,71.9,8.08,4.8,5.8,4,1,2.7,8,8.9
7.8,8.2,85.9,57.1,6.86,2.7,5.9,6,1,6.1,9,8.21
6.6,5.0,79.1,42.8,9.31,8.0,5.6,4,2,7.3,4,6.78
2.2,7.0,89.9,80.1,6.84,5.3,3.0,3,4,0.1,3,7.24
1.3,6.5,93.2,91.8,6.61,4.2,1.8,2,2,9.4,6,7.49
9.3,9.2,72.8,49.8,5.16,4.2,4.9,4,4,9.8,3,7.23
6.5,7.8,73.8,88.7,5.78,8.7,4.1,1,7,11.6,6,6.95
8.2,7.2,69.3,91.2,4.25,6.0,6.0,0,3,2.2,7,6.68
5.3,4.7,98.3,94.9,7.67,7.5,3.8,7,4,7.1,9,8.25
2.1,7.6,84.9,55.9,5.44,9.1,3.0,5,2,5.1,7,5.89
2.1,4.7,54.2,94.2,5.76,9.1,2.7,0,1,4.0,5,4.55
7.2,6.0,93.1,59.2,8.47,4.0,2.1,0,4,6.8,4,7.21
4.9,4.9,74.0,73.1,5.9,9.6,2.5,2,2,9.4,3,5.72
2.8,8.2,53.4,43.0,5.4,1.2,1.2,7,3,0.3,2,5.27
5.4,5.2,77.5,42.6,4.98,4.4,3.1,4,5,11.6,3,5.9
1.6,6.4,70.9,83.2,8.49,9.1,0.8,0,7,9.7,3,6.46
6.2,9.4,93.9,66.7,4.75,3.5,1.9,0,4,9.0,6,6.31
3.4,5.2,60.2,55.4,6.63,3.5,6.1,7,3,9.1,10,7.33
8.2,7.0,91.3,51.4,6.94,3.7,2.9,5,3,4.7,2,7.8
3.8,6.5,77.9,80.2,7.99,6.5,5.5,3,0,9.0,5,7.05
5.1,4.1,52.7,40.0,7.67,4.9,5.9,6,5,4.6,8,6.18
1.1,8.8,98.6,88.4,8.7,7.5,4.9,6,4,10.8,4,8.27
1.7,4.4,75.6,44.8,4.26,9.1,7.7,7,2,2.1,9,5.12
4.5,6.8,64.5,51.5,5.72,7.1,0.7,4,4,3.5,4,5.88
5.3,7.4,73.5,63.2,5.62,2.8,6.0,4,4,6.6,9,7.91
6.4,7.8,92.9,69.1,4.85,9.4,7.7,5,5,3.8,3,6.63
3.6,8.1,65.2,61.3,5.68,3.4,7.0,3,6,5.1,6,6.97
7.3,5.5,59.6,59.2,5.8,2.3,1.8,7,3,5.9,5,6.64
8.7,4.1,56.5,97.8,7.03,1.8,3.0,4,3,10.3,10,7.49
8.0,8.3,64.9,78.5,7.85,6.1,1.8,6,3,6.3,4,7.79
1.4,7.2,89.0,41.4,6.21,2.0,5.0,6,3,4.3,6,7.36
5.3,9.0,73.6,65.8,8.17,2.2,5.8,1,5,3.0,10,8.06
1.9,8.9,61.4,92.5,5.95,3.7,2.9,5,2,4.9,7,6.62
3.2,9.1,58.3,58.1,5.68,3.5,4.5,2,1,6.2,3,5.9
9.9,6.9,66.6,45.7,7.14,6.4,5.7,3,0,9.0,2,6.76
2.3,6.0,97.0,85.5,4.14,8.4,3.7,5,6,1.5,2,6.86
5.5,8.7,67.2,76.4,4.46,7.9,6.9,0,6,2.7,8,6.47
6.6,6.7,99.4,74.2,6.42,3.4,6.3,7,7,4.6,3,9.06
7.3,5.1,74.3,43.2,9.47,3.2,1.0,4,3,4.3,8,8.02
6.0,9.1,59.0,48.4,8.18,9.7,5.2,1,7,4.7,2,6.39
1.1,9.3,94.6,77.4,4.51,1.1,2.3,6,3,9.5,5,6.84
3.9,6.8,73.0,52.5,8.91,8.9,4.7,1,0,3.9,5,6.46
5.7,4.5,85.5,70.2,8.25,2.8,7.7,2,3,6.0,6,7.71
1.8,6.3,99.2,72.7,7.54,9.5,7.1,7,1,7.5,2,7.37
4.2,8.8,52.5,57.0,8.76,4.1,3.5,5,6,2.8,8,8.05
1.3,9.4,54.8,96.9,6.34,5.0,2.7,1,4,8.6,3,6.14
1.7,5.2,86.0,90.5,5.28,7.4,2.3,5,0,6.6,3,6.05
4.6,4.4,64.1,83.3,6.97,6.3,4.5,7,6,5.4,9,7.37
2.2,9.3,59.2,44.7,7.18,3.9,1.4,4,2,9.7,10,6.94
6.1,6.3,52.0,46.4,7.12,6.0,4.6,4,6,2.9,7,6.44
7.2,7.3,51.1,69.6,7.28,7.6,0.5,6,0,10.6,2,6.1
8.2,9.8,88.7,49.6,9.5,1.4,2.9,1,1,6.7,2,7.2
2.8,4.4,56.7,98.7,9.23,1.1,2.1,4,5,7.3,8,7.66
2.5,7.9,73.4,49.5,9.08,5.1,7.8,7,2,10.5,9,8.23
1.9,4.4,80.3,69.2,8.65,2.2,6.0,5,4,9.8,4,7.46
6.7,6.3,71.4,61.8,9.47,7.0,3.1,6,3,7.2,10,8.1
7.4,8.8,51.4,78.4,4.57,2.9,1.2,4,0,9.0,5,5.96
1.3,6.6,89.2,47.7,5.54,4.9,4.4,7,2,5.2,5,6.6
9.4,10.0,50.5,65.8,6.87,2.8,2.1,7,0,6.6,4,6.73
1.5,7.4,88.1,56.5,8.91,5.9,4.5,6,4,0.7,9,8.57
5.9,5.9,94.7,93.3,6.93,2.0,6.8,0,0,1.1,10,8.2
7.4,5.3,71.6,42.4,8.34,1.2,5.1,5,7,10.0,2,7.99
8.8,6.1,76.8,94.8,4.81,1.5,5.3,7,6,0.7,3,8.44
7.4,6.2,73.8,90.0,5.46,9.6,4.6,6,6,2.0,2,7.19
8.2,4.4,69.5,57.9,8.24,2.3,7.5,3,2,9.5,5,7.18
4.1,6.2,94.4,87.4,4.96,7.4,7.5,7,1,0.0,8,7.31
8.3,6.8,94.7,41.9,6.04,1.6,4.3,4,5,3.4,8,7.79
1.7,8.3,66.8,98.0,5.54,2.0,2.8,4,2,7.0,7,6.86
9.1,7.9,80.8,71.6,6.03,5.6,3.9,5,0,7.1,6,7.54
5.9,8.3,96.3,58.2,8.11,5.2,1.9,7,4,9.3,5,8.5
8.4,4.1,98.1,61.8,6.13,9.6,5.3,2,6,6.1,9,6.85
5.1,5.3,75.4,44.0,7.22,9.5,4.3,3,3,6.1,8,5.84
6.8,8.0,72.6,99.4,4.58,8.0,1.3,6,3,8.7,2,7.05
5.7,6.9,63.9,42.4,8.67,6.4,2.0,3,4,6.0,7,6.9
7.6,4.0,97.9,79.3,6.15,5.1,4.1,6,0,7.3,3,6.63
1.7,8.8,57.1,66.6,7.76,4.2,7.2,7,5,10.8,5,7.47
1.5,8.6,79.0,96.9,8.21,9.5,4.7,3,7,4.8,6,8.44
3.2,7.3,64.1,54.8,5.22,6.4,5.6,1,4,4.6,9,5.83
2.4,4.4,64.0,71.9,9.13,6.2,3.0,0,0,0.0,7,5.91
8.8,8.6,70.2,68.9,7.57,3.1,4.8,0,2,7.4,3,7.23
3.0,7.5,99.9,82.2,6.49,1.4,3.9,2,5,0.4,6,8.07
9.8,8.7,52.7,44.1,5.06,9.5,5.4,3,7,6.0,6,5.67
4.0,8.5,78.9,51.6,9.47,3.8,0.9,3,7,9.7,7,8.2
2.6,8.8,54.1,52.9,8.38,5.0,4.2,4,1,6.6,2,6.62
8.1,7.1,57.7,84.3,5.21,2.0,2.7,6,0,3.2,9,7.21
6.9,4.8,72.0,51.3,5.96,8.5,2.9,5,7,9.4,4,5.89
5.5,8.0,75.5,74.4,8.7,1.2,7.7,1,3,3.2,6,8.18
6.0,7.7,62.9,52.9,8.03,8.5,1.9,1,3,8.8,8,6.31
7.5,8.5,65.8,91.7,8.44,2.3,2.8,7,6,7.3,4,8.97
3.1,5.0,54.3,96.5,6.56,9.0,4.3,2,5,2.0,7,6.45
10.0,5.2,65.2,71.1,8.16,7.6,7.0,0,7,10.9,6,7.4
9.8,9.3,98.3,61.1,6.24,2.5,3.6,7,1,2.4,8,8.2
6.9,8.5,97.2,54.0,5.23,6.1,6.1,3,0,11.9,4,7.09
2.8,9.4,66.7,43.0,7.67,3.8,6.9,5,1,0.1,3,6.81
7.1,8.6,78.5,56.1,9.66,2.6,2.8,2,6,3.2,5,8.6
1.6,7.6,95.5,79.3,5.8,8.7,3.4,6,2,2.4,4,7.43
1.3,7.9,50.3,72.0,6.67,4.6,3.2,1,1,0.2,5,5.9
3.3,9.3,90.5,96.6,7.91,4.6,6.7,1,2,8.8,8,7.57
5.2,7.5,97.4,63.8,7.14,2.5,0.8,1,3,8.3,6,7.82
8.8,7.8,54.6,81.6,8.89,4.4,2.8,3,2,9.5,5,7.44
7.5,4.9,58.1,69.4,8.42,8.8,5.6,3,0,3.1,7,6.56
7.7,6.8,98.0,70.8,4.34,4.3,4.7,3,5,5.3,8,7.17
4.8,8.3,76.9,56.1,9.79,9.6,3.8,4,5,7.9,6,7.65
4.1,5.6,50.7,67.3,8.36,9.5,4.5,0,0,5.3,8,5.6
4.3,5.2,62.9,68.2,9.01,2.3,2.0,6,0,8.4,4,7.07
9.9,5.9,72.5,82.4,7.78,2.6,3.7,1,0,7.6,8,7.66
1.4,5.4,84.6,96.4,8.97,8.8,4.3,1,4,1.4,4,7.63
8.8,5.3,86.7,59.8,4.65,4.5,7.3,7,7,9.4,7,7.57
6.2,6.5,99.8,42.5,6.02,1.0,2.5,4,6,8.6,9,7.96
4.9,9.4,64.4,69.8,9.08,3.5,7.0,1,2,7.9,7,7.32
7.5,7.0,76.9,72.7,5.17,6.4,5.3,6,7,1.9,4,7.5
5.4,5.1,76.7,50.1,4.45,8.2,0.7,1,0,3.2,6,4.61
8.9,4.5,70.3,85.6,8.57,2.2,5.9,3,5,4.7,10,8.16
9.1,8.2,58.5,99.1,8.85,2.0,0.8,3,1,3.4,9,8.04
4.8,6.3,98.9,96.7,4.94,9.3,8.0,0,1,2.7,7,6.89
3.5,8.9,92.7,51.8,8.96,7.8,7.0,6,4,9.7,10,8.62
6.3,8.0,74.9,92.5,7.98,6.3,2.7,6,7,7.7,3,8.5
9.2,8.8,80.2,82.3,7.02,7.9,2.4,1,7,6.8,10,7.69
2.9,5.6,61.4,67.2,8.82,4.9,3.4,2,7,2.7,7,7.42
6.6,8.2,77.2,72.4,6.43,7.8,3.2,1,2,11.0,10,6.79
6.7,5.6,84.7,91.0,5.13,4.3,3.3,1,2,2.3,5,6.84
7.6,9.6,75.8,68.8,5.65,3.2,2.9,0,6,9.5,6,6.16
2.2,7.8,99.5,62.4,6.93,7.6,5.2,2,2,11.6,3,6.64
7.4,5.9,80.6,69.6,7.08,4.8,1.7,7,5,8.7,4,7.72
9.2,5.6,68.5,74.7,8.67,9.8,6.8,1,5,11.9,2,7.3
2.6,5.1,88.6,51.3,8.59,4.1,6.6,5,7,7.8,5,8.11
3.1,8.2,58.5,94.1,7.37,9.3,4.1,5,6,2.6,3,7.29
9.7,5.3,69.2,80.5,8.53,9.4,6.9,6,7,2.4,3,8.25
2.6,7.6,67.3,78.0,5.11,3.2,2.4,6,4,3.9,2,6.43
8.7,5.6,71.6,46.0,4.29,8.2,0.6,2,2,0.1,3,5.26
5.4,8.0,89.1,76.3,9.07,4.9,5.1,5,2,8.2,5,9.01
3.2,8.9,74.2,47.3,4.44,9.3,3.9,3,7,3.2,7,5.28
8.8,8.7,89.7,44.7,5.43,5.1,4.8,3,7,9.8,8,7.51
5.0,8.6,78.8,71.6,8.03,7.7,7.2,2,0,4.3,8,7.11
5.6,5.1,67.1,64.2,6.37,5.2,7.8,7,7,5.8,8,7.62
4.2,4.5,90.5,75.3,9.08,3.1,5.3,1,2,11.6,5,7.92
6.3,8.2,61.9,45.4,5.73,2.8,6.2,6,5,2.9,6,7.65
2.5,6.2,61.2,65.9,4.07,4.8,1.1,2,0,8.7,4,5.01
4.5,6.6,75.2,50.5,5.74,7.8,1.7,5,0,9.1,2,5.74
9.7,4.2,63.0,99.2,7.35,6.4,6.0,2,2,2.7,9,7.01
3.3,5.6,50.5,73.7,6.18,7.2,3.7,5,1,6.0,8,5.94
6.9,4.2,82.4,81.2,7.1,3.5,3.8,6,3,4.2,10,8.09
3.9,9.3,75.6,59.5,9.08,5.3,2.8,3,7,9.3,5,7.73
8.0,5.5,72.3,45.7,9.29,1.4,5.1,2,5,7.5,6,7.72
2.2,7.3,98.3,98.6,5.54,8.4,1.9,6,1,5.7,6,6.85
9.7,4.2,78.6,57.2,6.68,9.9,5.2,6,2,9.4,8,6.58
5.1,8.0,93.2,65.4,7.19,4.7,1.8,4,7,2.8,10,8.41
3.1,5.9,57.0,79.0,9.5,1.1,1.0,7,2,9.0,9,7.93
1.7,9.4,78.5,41.5,9.79,2.5,3.0,5,7,10.4,8,8.45
2.5,9.3,93.4,88.6,5.37,6.9,2.2,4,7,10.5,2,6.92
5.7,6.0,79.2,72.2,8.22,6.5,7.2,3,1,9.4,7,7.61
4.0,9.4,85.9,56.7,6.19,8.1,0.9,6,2,4.9,10,6.56
8.5,10.0,68.6,43.7,4.05,3.3,1.8,6,5,11.8,8,6.08
4.9,9.0,54.6,49.7,4.05,7.9,4.6,1,6,4.6,2,4.82
3.2,9.1,72.9,93.7,6.67,7.2,4.1,5,7,7.7,10,8.07
6.6,5.5,69.7,81.2,6.83,3.9,0.8,7,0,1.9,4,6.85
7.4,7.5,93.4,55.0,4.13,5.9,0.6,7,4,11.8,10,7.28
2.5,4.4,62.2,43.9,7.98,2.3,7.9,1,2,8.4,5,6.02
2.5,4.6,98.3,81.4,5.71,5.1,5.4,3,2,9.0,10,6.97
1.3,10.0,97.9,74.3,7.25,8.9,3.2,1,1,0.8,9,6.63
7.6,6.0,62.4,64.3,5.75,4.8,4.0,6,7,9.2,8,7.4
7.0,8.5,67.4,61.8,4.97,8.6,2.5,5,0,9.3,5,5.84
5.3,8.8,94.8,53.0,6.36,6.3,3.1,0,1,8.1,10,6.77
8.6,9.1,98.3,80.2,5.35,2.7,5.4,5,6,3.5,5,8.31
8.3,10.0,72.2,98.2,7.1,6.2,7.1,5,7,5.9,2,8.15
6.3,5.4,66.0,50.5,5.15,5.6,1.9,4,5,1.3,7,5.94
8.8,4.2,76.3,75.8,6.95,4.6,6.8,0,1,5.7,5,6.48
2.9,6.5,84.4,65.5,4.91,2.1,1.4,0,2,2.9,4,5.89
2.0,4.8,63.7,66.8,7.89,4.8,2.1,0,7,4.2,6,6.49
3.4,4.1,86.8,55.2,8.37,1.7,0.8,5,0,2.0,4,6.64
1.5,6.2,52.6,89.5,4.64,1.9,1.6,3,5,2.8,10,6.41
5.8,8.7,52.5,69.1,6.71,4.7,7.4,0,2,0.9,7,6.43
9.4,7.4,69.3,72.6,4.41,3.7,3.9,2,5,11.0,4,6.42
1.4,5.9,67.7,58.3,7.47,9.3,1.1,1,2,6.4,6,5.52
2.1,7.9,65.8,50.9,5.53,4.4,7.7,3,2,4.8,9,6.33
5.1,5.4,74.6,45.2,7.06,7.8,7.1,2,2,6.4,9,6.39
9.4,4.1,66.0,82.8,7.0,5.8,6.2,5,7,7.5,7,7.37
3.8,8.6,59.6,51.8,9.36,7.3,7.5,5,4,11.1,6,7.22
5.6,7.7,65.5,81.4,7.18,3.3,2.2,2,3,2.1,6,7.51
1.4,8.6,98.7,63.4,7.38,9.5,6.8,4,0,3.5,2,6.7
2.3,4.2,70.6,64.9,6.33,5.8,5.7,4,6,11.7,3,6.09
9.9,9.0,72.2,68.2,9.5,8.5,7.0,2,4,4.5,5,7.97
9.7,7.7,78.8,62.1,8.51,4.3,6.5,7,3,0.3,7,8.98
1.0,7.4,99.2,46.0,5.66,1.9,3.1,4,5,1.8,8,7.15
9.6,7.7,62.1,58.6,8.9,7.1,6.3,1,3,0.3,2,7.07
6.8,9.2,84.1,79.8,6.51,1.1,2.5,1,7,11.9,9,8.04
8.8,7.5,85.8,79.9,8.81,5.3,3.0,7,7,3.3,2,9.15
5.1,7.5,80.4,57.2,8.77,2.7,1.3,5,7,11.1,10,8.78
5.6,9.9,54.4,67.6,5.1,6.6,7.5,4,3,12.0,5,5.89
5.4,8.5,83.8,51.6,8.07,9.8,2.7,7,4,7.2,8,7.4
7.0,6.7,53.2,52.6,5.69,5.2,4.4,0,0,0.4,7,5.21
2.3,8.2,79.8,41.4,5.73,8.4,3.4,7,1,1.0,10,6.83
1.3,6.3,87.0,93.8,5.72,5.6,7.7,2,3,5.8,3,6.92
3.8,5.4,60.5,52.6,8.21,5.5,3.0,1,7,4.9,8,6.89
7.3,7.6,92.1,53.7,5.33,9.4,6.3,7,1,7.3,6,7.45
2.8,9.6,51.5,56.8,4.01,9.0,6.9,6,1,5.3,8,5.06
7.1,9.6,92.2,47.6,8.15,8.1,3.8,4,2,11.2,2,6.93
9.7,6.1,73.0,78.4,4.99,3.7,3.3,6,1,6.4,10,7.42
1.8,7.2,60.9,44.5,4.61,5.9,6.1,4,5,8.3,2,5.31
7.1,5.3,56.7,48.1,5.38,3.0,7.3,7,5,10.8,6,7.05
5.0,10.0,97.7,78.7,6.2,5.0,6.2,7,2,1.8,9,8.07
8.8,9.9,53.6,60.4,6.76,5.4,2.2,1,0,2.8,2,5.36
2.6,7.9,60.0,82.5,4.26,8.5,7.2,1,6,1.3,8,5.67
7.2,8.8,67.4,73.4,9.63,9.1,3.4,7,0,1.7,3,7.33
8.5,8.3,81.0,55.4,8.15,4.7,4.8,0,5,6.2,8,8.13
9.5,7.6,77.2,79.0,5.87,1.2,6.7,4,6,3.9,8,8.49
7.1,4.3,56.3,47.0,5.85,8.8,1.9,7,2,5.1,10,5.43
5.5,6.7,64.5,72.2,6.6,2.6,6.4,4,0,11.8,7,7.0
6.6,8.0,61.9,66.2,7.63,6.6,5.0,3,6,1.9,5,7.01
8.8,8.1,60.7,56.1,4.85,1.2,7.2,5,6,6.5,8,7.59
6.1,6.2,70.6,76.2,5.1,4.6,1.8,0,3,1.2,8,6.26
1.3,9.7,85.2,92.3,8.98,9.9,3.7,1,0,3.8,5,6.97
9.4,5.0,60.9,99.9,5.49,1.9,6.7,6,2,6.3,3,7.29
7.2,7.0,68.3,76.5,6.21,4.8,0.6,1,6,11.4,10,7.16
7.1,8.1,69.5,64.3,9.05,3.8,1.3,2,5,4.7,9,8.32
2.9,8.2,98.8,53.5,7.85,9.1,7.9,5,7,0.8,6,8.27
6.9,7.9,97.7,55.4,5.98,8.8,2.6,1,3,4.7,6,6.82
4.5,5.7,90.0,68.8,7.97,3.1,7.8,4,1,1.7,2,7.82
6.9,4.9,62.1,62.0,4.11,1.7,1.9,1,1,2.8,10,5.47
2.0,7.8,53.4,94.8,8.27,6.6,3.2,7,1,7.4,9,7.85
6.9,7.6,65.8,62.1,6.82,4.0,6.1,4,5,0.8,6,7.59
10.0,5.1,63.3,62.4,8.72,7.0,5.4,4,7,5.6,7,7.75
1.4,8.2,75.3,63.0,9.54,1.3,4.9,0,6,7.3,9,8.45
9.8,6.7,88.9,90.2,9.37,2.2,4.5,1,2,5.1,7,9.04
4.7,8.0,92.9,79.0,9.27,7.2,6.8,0,1,0.2,5,8.13
8.8,9.0,92.2,76.9,6.97,2.9,2.3,6,0,11.8,4,8.08
8.0,5.0,68.0,60.0,6.09,8.7,3.8,6,1,4.4,8,5.74
6.1,4.1,84.4,89.1,6.7,1.5,1.7,5,6,9.3,3,7.72
7.6,8.7,65.6,42.3,8.0,2.9,5.0,4,4,3.9,8,6.98
8.9,7.7,53.0,92.2,9.13,10.0,2.4,7,5,5.7,2,7.52
4.6,8.2,85.1,70.8,5.2,4.9,3.0,7,4,4.7,6,7.53
3.9,9.0,50.5,63.9,9.33,7.3,4.0,6,1,4.1,10,7.34
7.0,8.8,70.5,69.8,8.73,2.6,0.7,5,7,0.3,2,8.14
8.3,9.8,66.5,80.0,9.68,6.5,1.2,1,6,4.3,9,7.96
7.9,7.2,84.7,40.8,9.11,7.5,5.6,5,1,10.7,10,7.43
8.2,6.9,88.3,92.3,5.62,3.8,3.7,5,4,8.3,10,8.65
4.9,6.4,65.2,66.8,4.61,8.5,7.0,1,6,1.7,9,6.11
8.4,4.9,90.6,60.6,4.65,6.4,5.7,0,5,7.1,5,6.19
2.1,7.4,64.7,48.3,5.69,4.5,0.6,0,5,10.7,8,5.73
5.9,5.7,72.3,66.4,7.56,6.0,5.1,4,1,8.4,2,6.99
1.1,9.5,86.4,69.8,8.67,6.2,1.2,7,5,1.8,8,7.96
3.9,7.5,84.6,64.2,9.22,2.5,6.4,4,3,10.4,7,8.22
4.3,7.6,99.4,80.7,7.62,4.6,7.9,1,6,3.6,6,9.18
4.6,6.1,61.3,65.3,4.03,4.1,4.5,1,7,5.4,2,6.05
7.3,4.3,83.1,97.7,5.08,4.6,5.6,3,6,6.3,9,7.0
4.5,4.2,80.5,76.0,4.58,7.8,2.3,3,5,10.2,2,5.26
5.0,6.5,95.8,88.4,6.11,5.3,3.8,2,6,11.2,2,7.64
3.1,4.5,57.8,46.6,6.91,9.5,6.9,7,4,11.2,4,5.94
4.4,7.6,87.6,63.8,4.25,3.6,1.8,6,2,0.1,9,6.39
3.0,9.3,78.4,60.2,6.02,4.7,2.5,4,4,11.1,9,6.62
1.7,9.3,63.7,74.2,5.04,8.1,3.8,5,0,0.7,8,5.08
6.4,8.0,73.7,91.7,7.75,5.9,5.8,6,3,3.2,6,8.33
7.0,5.3,66.7,44.7,6.69,5.9,3.3,2,2,6.2,9,5.98
6.6,9.2,79.0,44.4,6.87,1.5,7.5,6,1,5.8,3,7.31
5.2,9.3,94.5,91.0,6.48,4.6,1.2,7,6,7.3,9,8.39
4.4,5.2,78.5,52.8,9.54,3.4,3.3,7,7,5.8,3,8.19
8.8,8.4,81.6,80.1,5.25,10.0,5.8,7,0,11.2,6,7.17
5.7,5.7,75.9,72.6,7.0,3.8,2.2,2,0,2.9,5,6.85
5.3,8.8,52.6,90.0,8.27,9.0,5.4,0,7,3.3,2,7.03
1.2,10.0,61.6,47.5,7.23,7.1,1.7,5,3,11.0,6,5.61
4.1,4.2,74.6,47.8,9.39,4.1,0.9,7,2,0.9,8,7.03
4.4,9.4,65.5,73.4,6.19,5.9,1.4,0,0,7.3,2,5.34
4.6,7.7,59.1,96.8,6.69,8.6,7.5,7,7,8.2,3,7.9
6.2,9.8,75.2,64.9,4.51,9.0,4.6,3,2,6.1,10,5.15
5.8,6.8,66.1,59.6,7.53,2.4,6.5,2,2,8.3,6,7.4
6.5,9.1,62.9,76.4,5.67,4.1,3.0,6,5,2.1,8,7.36
7.9,4.4,73.2,95.8,4.93,4.0,4.9,3,0,10.2,3,6.24
8.3,6.0,56.7,90.2,7.16,1.4,4.2,5,2,1.7,8,7.84
7.5,4.4,96.4,99.7,7.09,6.4,7.6,7,3,4.8,8,7.87
9.6,9.9,93.4,41.4,4.44,8.7,6.1,5,0,0.9,8,5.93
1.2,8.9,85.4,46.8,8.05,4.4,6.0,4,3,6.5,6,7.8
2.8,9.1,55.3,76.6,7.62,7.7,0.8,7,3,8.0,10,6.9
1.1,9.6,88.8,89.2,5.1,6.6,4.6,1,2,11.3,3,5.92
6.8,4.5,90.4,57.1,6.72,4.4,4.0,0,2,8.9,5,6.37
9.1,6.3,88.4,54.4,8.18,2.3,7.5,4,5,6.5,3,8.75
3.2,4.4,55.7,87.2,7.07,7.4,2.4,6,7,11.2,9,6.91
9.3,5.3,82.2,43.4,6.29,8.7,2.5,4,6,5.7,2,6.37
1.5,5.4,91.7,62.2,5.87,7.2,3.6,6,5,6.7,10,7.11
9.4,6.8,78.9,70.3,7.54,1.2,2.3,0,0,7.2,6,7.84
4.2,5.6,82.3,73.6,9.45,2.9,1.5,0,5,4.9,4,8.12
1.9,4.6,72.9,83.7,7.9,1.6,6.9,5,1,10.1,5,7.88
5.4,5.0,76.4,61.3,4.43,6.1,4.7,5,7,2.2,2,6.01
3.3,4.9,51.7,76.8,6.67,7.8,7.0,2,0,6.7,4,5.8
3.6,9.8,81.9,75.1,9.17,2.0,6.7,3,7,8.7,9,8.56
3.8,8.6,54.1,72.9,4.55,8.5,2.6,5,3,10.8,3,5.44
8.2,9.8,71.8,78.4,9.74,6.0,4.6,4,5,10.6,3,8.47
5.9,6.6,64.6,55.6,9.5,7.2,1.1,2,5,6.1,10,7.38
3.8,5.7,77.3,45.1,4.45,9.7,7.4,6,6,7.7,6,6.0
6.5,8.8,56.7,47.2,9.41,1.8,3.5,2,5,4.7,6,7.8
7.4,6.0,84.6,53.5,6.11,9.1,3.5,4,2,5.6,2,6.09
3.5,5.8,89.8,70.0,8.9,2.1,2.8,5,3,10.9,7,8.85
4.7,5.4,58.2,90.4,6.43,4.5,4.0,7,5,11.2,9,7.22
2.1,4.8,55.2,82.1,6.56,8.7,2.4,6,4,10.7,7,6.48
2.6,5.5,57.3,87.3,7.68,9.2,3.3,4,4,1.7,8,6.9
7.1,6.1,93.9,61.1,8.49,5.6,6.5,1,7,10.2,5,8.35
2.6,8.0,76.4,64.3,4.2,6.3,6.8,5,3,11.4,3,6.05
5.7,4.4,73.4,63.6,7.44,7.4,2.8,3,5,4.3,2,6.11
7.4,5.3,55.3,51.5,5.08,8.5,4.0,6,6,6.2,7,5.89
2.0,8.9,82.5,43.7,6.01,2.1,7.1,4,1,9.3,10,6.81
6.1,4.9,93.4,75.5,6.02,8.3,0.9,5,6,6.7,6,7.33
3.3,6.1,91.4,99.4,6.72,5.3,7.2,0,1,11.9,3,7.8
9.7,9.2,81.3,50.0,5.94,5.1,2.1,1,0,5.5,2,6.09
5.4,4.9,53.8,42.8,4.62,4.8,5.6,6,0,8.6,4,4.83
8.3,4.5,55.6,86.8,4.84,5.6,4.9,6,6,9.5,5,6.4
6.0,6.9,52.5,55.2,4.19,9.5,4.6,3,5,5.9,8,5.31
1.4,5.8,62.9,89.8,6.73,5.9,6.9,5,7,10.3,10,7.39
6.7,7.4,56.8,82.2,9.54,9.6,1.3,0,6,6.6,9,7.18
9.6,8.8,63.0,96.7,4.67,2.6,3.1,5,0,4.9,10,7.79
6.4,4.8,69.3,64.5,9.49,7.5,4.5,0,2,1.3,8,6.93
8.4,7.5,97.1,79.7,8.25,8.3,6.6,3,1,4.7,9,8.29
9.0,7.0,80.5,67.9,7.7,7.1,2.1,1,3,8.8,9,7.72
3.1,4.9,91.7,77.8,7.74,6.5,6.5,6,7,11.1,2,7.67
2.9,7.7,85.5,67.0,8.8,6.1,3.5,0,6,3.0,10,7.66
6.5,5.6,55.6,51.3,4.62,8.7,1.9,2,5,4.3,3,4.64
4.7,6.9,86.8,70.5,6.93,8.4,6.2,3,5,1.8,8,7.98
8.6,4.5,63.8,71.7,8.04,2.1,1.2,3,7,8.3,6,7.41
9.1,6.8,82.0,88.6,7.4,8.6,4.4,4,4,11.5,5,7.43
4.2,5.8,67.0,84.1,8.83,4.7,1.0,1,1,7.7,2,7.2
3.1,8.9,99.9,79.8,4.42,3.3,3.2,2,7,7.4,2,7.04
8.0,4.3,63.2,46.8,8.01,8.8,5.0,2,7,6.6,4,5.72
3.5,6.5,64.0,83.2,7.1,4.9,4.7,4,1,1.1,2,6.79
8.4,6.8,96.5,70.0,6.2,8.3,3.5,0,1,8.8,9,7.12
4.8,8.4,51.2,93.6,5.97,3.4,3.7,0,6,7.2,4,6.81
7.0,7.4,84.8,95.2,7.6,1.0,2.2,7,0,7.9,3,8.99
1.9,8.0,86.3,43.3,9.17,5.5,3.9,7,2,10.8,7,7.73
6.6,8.7,91.8,89.2,6.88,1.9,7.6,2,6,9.4,5,8.68
5.1,9.2,98.7,42.3,8.78,7.8,6.9,1,7,9.4,5,7.59
6.3,5.9,98.8,62.0,6.33,3.5,1.6,0,3,11.1,3,6.56
2.5,7.2,53.3,72.5,4.59,5.0,0.7,3,0,11.9,3,5.29
7.6,9.0,91.1,48.9,4.36,1.8,7.5,5,6,7.0,7,7.63
8.8,9.9,82.3,84.8,4.3,3.6,4.5,4,2,1.3,6,6.98
3.0,9.3,82.4,40.5,6.2,8.0,4.5,1,7,5.5,10,6.39
1.9,6.2,56.4,50.1,5.96,2.4,6.4,0,7,9.5,5,5.93
1.2,5.2,82.5,74.8,8.16,6.8,2.9,5,1,0.3,6,6.73
6.8,6.9,99.1,82.9,8.31,9.3,4.1,2,2,0.7,2,7.81
6.5,8.4,95.6,95.0,4.29,7.1,7.8,4,0,0.8,3,7.35
5.9,7.0,72.0,82.3,5.28,8.3,5.5,0,6,8.8,4,6.86
3.1,6.9,52.0,80.3,5.59,2.0,1.7,2,7,6.0,6,6.8
4.5,9.0,68.1,63.7,7.18,3.3,1.5,0,1,4.4,6,6.35
6.4,6.2,91.3,40.1,4.84,9.1,2.0,4,6,1.3,5,6.22
5.5,9.2,85.1,47.2,4.78,7.4,6.3,3,0,8.8,4,5.65
9.9,6.4,73.0,72.1,9.47,6.8,2.7,6,3,3.9,10,8.5
2.2,6.0,52.8,80.5,8.66,7.0,0.7,3,1,3.2,2,6.25
7.3,6.7,71.3,65.0,5.05,4.7,7.6,6,2,7.8,7,6.85
4.6,8.6,73.5,83.8,6.36,1.4,1.8,5,0,6.7,8,7.27
4.9,4.8,96.4,71.3,6.06,8.1,0.6,2,7,4.3,5,6.99
7.5,5.2,82.1,44.5,8.59,7.1,2.3,6,4,7.7,4,7.58
7.2,9.7,65.6,51.5,6.96,5.3,2.3,3,2,3.3,9,6.2
9.9,5.1,76.3,90.4,4.74,9.1,3.7,4,7,9.5,10,7.08
2.2,7.4,53.3,83.5,8.29,4.0,7.4,2,2,2.8,2,6.93
1.9,7.5,98.6,93.7,6.3,3.6,7.1,0,1,1.9,10,7.8
7.5,6.9,68.0,47.1,5.52,8.9,3.9,6,6,9.4,8,6.94
6.2,7.9,73.9,99.4,6.18,8.2,3.6,7,5,8.5,2,7.85
3.5,5.4,67.8,52.6,6.89,5.6,4.7,6,2,2.2,8,7.25
1.7,7.3,84.1,40.7,5.99,2.2,2.3,1,0,1.4,6,6.25
1.8,6.2,83.1,99.8,5.4,2.9,0.9,6,4,10.1,8,7.72
9.0,8.0,85.8,56.9,6.31,6.9,7.5,6,3,9.3,10,8.17
2.7,4.8,63.4,80.1,4.11,4.5,1.9,0,4,3.9,9,5.16
3.9,7.4,65.8,50.6,8.48,8.5,2.0,4,0,7.9,7,6.19
3.0,5.1,56.3,74.8,4.99,9.5,4.0,5,1,1.5,3,5.26
4.2,5.7,82.8,94.2,4.25,8.3,4.2,2,0,6.1,9,6.25
1.6,5.3,52.0,59.2,7.79,4.4,0.6,0,5,0.2,5,5.71
5.7,5.1,79.9,80.2,8.49,8.1,1.6,2,5,4.7,9,7.51
1.6,9.0,93.5,51.3,8.72,4.2,3.3,7,5,0.9,8,8.7
8.2,5.7,94.5,77.5,6.86,2.5,5.6,3,2,5.7,5,8.31
3.1,9.6,72.5,60.2,5.19,1.3,2.2,1,1,5.1,9,5.38
5.9,9.8,73.0,52.7,8.28,4.5,3.7,7,6,5.3,3,7.78
8.9,7.4,53.8,58.8,8.06,9.1,4.7,4,5,0.5,10,7.32
6.9,4.9,83.5,50.7,5.43,3.2,7.2,0,6,4.3,7,6.95
5.8,6.2,91.1,94.1,9.24,2.9,2.9,1,3,9.1,8,9.15
3.9,8.8,62.2,63.8,4.61,9.7,1.5,6,3,4.4,2,5.57
4.0,6.2,71.1,54.7,9.7,1.2,4.2,4,6,8.6,4,7.95
7.0,4.5,91.9,66.9,8.99,8.1,6.1,7,7,4.4,6,8.28
9.9,7.3,93.9,59.2,7.99,3.9,1.3,4,0,5.1,8,8.51
7.0,9.1,62.2,84.7,9.44,1.3,3.7,5,5,6.8,2,8.39
6.0,8.8,77.5,98.3,8.19,9.3,0.6,7,2,11.4,10,7.71
7.6,5.1,59.6,66.3,5.1,2.3,0.8,7,7,1.3,6,7.0
5.2,8.0,55.1,91.7,6.56,6.0,4.1,3,3,0.4,4,6.7
1.5,5.3,95.6,74.0,4.41,3.5,2.7,5,4,7.3,8,7.28
6.1,5.3,91.0,49.4,6.26,1.6,6.8,5,1,11.4,9,7.48
9.6,9.2,88.0,81.4,8.3,1.4,5.0,2,4,11.9,4,8.69
2.6,5.5,52.4,70.8,6.24,2.0,3.9,2,6,5.8,8,6.38
7.2,5.6,92.2,79.0,5.92,1.6,3.6,6,7,5.6,8,8.9
2.8,4.0,71.9,93.4,7.45,7.8,4.2,1,3,7.7,5,6.11
5.8,9.2,67.1,66.4,9.06,5.4,0.8,3,3,6.7,10,7.45
1.9,8.8,77.3,94.1,4.28,4.1,7.2,7,0,7.6,2,6.54
5.1,7.8,54.6,85.0,6.24,4.8,8.0,4,0,10.5,2,6.69
7.8,8.5,87.8,69.3,4.92,9.4,1.9,6,5,9.0,6,6.7
4.1,4.9,79.1,76.2,8.03,9.2,1.4,3,6,6.0,4,7.05
7.0,6.7,59.3,59.5,4.61,7.4,1.6,3,1,5.5,10,5.12
8.2,6.1,59.4,99.0,7.86,9.0,5.5,7,5,7.7,6,8.13
9.3,4.6,59.2,80.0,5.66,3.9,5.5,7,7,5.5,8,7.69
3.1,6.9,52.9,42.6,5.15,4.4,6.9,1,0,5.5,2,5.03
4.6,9.5,79.4,59.6,9.43,6.5,6.1,2,2,0.2,3,7.14
2.4,4.2,92.0,77.4,4.11,6.6,3.9,7,1,2.1,5,5.95
9.9,5.7,50.9,43.4,6.54,5.3,5.1,3,2,5.9,10,6.15
9.3,5.2,52.5,41.4,4.13,4.6,5.7,3,7,9.9,6,5.74
5.9,5.4,78.6,67.0,6.8,9.9,4.3,3,5,3.3,6,6.8
8.6,9.5,91.0,60.0,6.91,8.4,4.1,0,0,6.3,10,6.75
5.7,6.8,66.3,66.3,5.87,4.9,5.3,3,1,4.1,9,6.53
6.6,6.8,67.5,55.8,4.77,7.5,4.7,3,7,1.3,3,6.48
1.8,8.6,79.8,49.9,6.18,3.4,5.3,7,5,11.5,8,7.48
7.8,4.9,63.7,81.3,7.9,1.9,5.1,4,3,10.3,2,7.67
2.1,6.9,51.3,70.9,8.54,4.2,5.9,5,5,0.9,10,8.23
8.4,6.6,86.8,52.0,7.08,4.6,5.3,0,6,8.6,4,7.8
8.0,7.6,81.3,59.2,7.42,1.1,4.4,3,4,4.2,3,8.18
7.4,10.0,79.0,75.5,5.16,8.3,5.6,5,3,11.9,5,6.52
1.3,8.6,87.1,44.3,5.67,4.2,3.9,3,2,3.6,5,6.4
3.7,6.4,83.8,48.8,4.94,6.2,2.3,1,3,2.9,4,5.67
3.4,9.0,60.3,44.4,5.45,1.7,0.5,7,5,6.8,3,5.85
4.2,5.0,67.6,88.7,5.3,2.6,4.7,7,7,10.0,6,7.54
1.8,4.2,56.3,85.1,7.01,9.0,4.9,1,3,2.3,5,5.32
9.4,5.2,56.5,85.2,7.26,6.5,7.8,5,4,8.5,6,7.73
6.0,6.0,83.8,83.0,9.48,9.6,3.2,7,6,0.7,9,8.83
3.7,7.1,92.9,80.2,5.13,10.0,3.5,0,5,11.0,3,6.03
4.6,7.7,98.1,68.6,7.72,4.3,2.0,4,4,1.0,10,8.61
5.0,9.5,81.4,78.5,8.74,3.7,1.0,0,3,11.0,2,6.98
6.4,7.1,59.2,42.3,7.25,8.7,6.3,0,4,5.9,9,6.58
5.6,7.0,55.3,77.3,5.48,10.0,2.4,1,3,5.4,6,5.45
9.3,4.3,90.6,86.7,5.52,6.7,5.1,1,1,11.7,3,6.38
5.5,4.2,78.9,70.0,4.23,8.2,5.7,4,3,11.9,9,5.75
9.9,7.3,80.9,61.5,5.77,8.0,4.0,6,0,7.8,6,7.15
8.7,6.6,89.1,56.6,8.32,4.2,7.1,6,4,1.5,4,8.45
2.9,9.0,85.2,78.6,4.28,6.2,3.8,6,7,6.1,8,7.31
9.4,5.0,91.7,81.6,5.27,8.5,2.6,3,6,6.3,5,7.03
2.0,4.1,52.8,92.3,8.1,7.2,7.2,4,4,6.2,7,6.41
8.4,6.7,87.4,60.5,8.54,1.2,7.0,3,2,6.8,9,8.54
4.4,5.4,92.5,86.2,6.64,4.0,1.7,5,6,0.2,2,7.73
8.9,4.3,64.3,73.7,8.05,2.3,0.7,5,6,8.5,3,7.09
8.8,8.3,82.0,93.0,6.25,3.1,1.2,2,2,8.5,9,8.32
8.3,4.7,65.7,71.7,4.93,9.1,2.6,6,0,1.4,8,5.99
8.1,7.6,97.9,71.1,6.31,1.3,7.8,1,4,6.8,10,8.6
3.7,5.7,51.7,74.7,7.36,3.0,4.7,2,6,6.8,3,6.82
1.7,5.0,79.0,85.0,9.5,3.8,3.3,2,4,8.2,9,7.94
4.6,6.3,58.3,97.9,4.4,6.6,7.2,1,6,1.0,7,6.65
2.6,8.8,85.6,44.4,6.94,5.8,3.9,7,2,7.5,2,7.26
7.3,6.4,58.8,43.2,5.91,3.0,2.9,2,2,3.4,5,5.9
4.1,8.5,61.8,96.3,6.95,2.5,7.6,7,3,6.1,3,7.8
9.8,4.8,74.7,71.8,4.14,3.1,6.9,6,5,9.3,8,7.64
6.8,8.6,95.7,76.9,5.82,5.5,6.8,0,4,8.5,10,7.22
8.4,5.4,60.6,68.9,8.76,3.4,4.3,7,4,1.4,7,8.08
2.2,8.1,57.2,45.6,7.21,9.5,6.4,3,6,7.1,5,6.03
8.8,7.4,87.9,86.1,6.61,5.2,1.8,6,3,11.6,6,7.92
9.3,9.6,75.0,84.8,5.66,1.5,4.8,7,7,1.9,2,8.38
5.4,6.3,95.6,58.7,5.73,7.6,7.9,4,4,10.2,5,7.43
6.5,4.4,57.3,58.4,6.22,4.0,2.7,1,6,8.4,4,5.6
7.9,4.1,82.3,90.3,8.85,6.9,6.5,0,0,9.3,10,7.63
2.6,9.0,61.6,44.3,9.61,3.5,4.2,5,2,3.4,7,7.78
5.5,7.1,57.8,92.9,6.54,6.1,0.8,4,2,3.5,5,6.76
4.6,8.7,84.2,55.4,6.28,7.9,6.2,4,5,10.9,4,6.78
2.3,5.4,79.7,75.6,8.91,9.4,1.8,7,2,4.3,5,7.83
4.3,6.1,87.7,96.2,6.48,3.4,5.2,4,1,0.8,9,8.22
1.6,4.2,65.5,80.7,7.2,4.0,1.1,2,0,7.2,6,5.74
1.2,9.8,72.4,64.9,5.34,5.2,7.6,2,0,1.5,2,5.75
2.2,8.0,70.3,81.4,8.31,9.3,2.7,2,3,9.6,6,6.94
9.7,9.6,99.2,60.6,7.09,9.1,2.2,6,1,7.7,9,7.41
5.9,5.6,64.6,56.6,8.69,1.8,1.5,7,4,10.5,5,7.81
9.7,7.7,64.7,99.8,8.53,2.2,7.6,2,5,9.4,3,9.2
4.9,8.1,67.7,85.0,5.25,5.5,5.8,0,0,1.3,4,5.55
3.8,5.9,78.2,78.7,8.15,2.0,6.1,2,1,4.6,10,7.82
5.6,9.1,62.6,61.3,8.64,4.1,4.2,7,1,9.3,8,8.11
5.0,9.7,95.8,42.9,6.01,2.3,4.1,1,6,5.0,4,6.69
2.0,9.3,63.3,41.9,5.0,6.7,1.3,4,0,11.7,6,5.11
6.8,8.4,94.8,73.3,4.02,9.5,4.7,0,7,8.8,4,6.71
2.9,5.7,55.2,85.7,6.62,10.0,2.4,7,6,0.2,5,6.53
6.6,5.7,82.8,72.2,6.04,4.4,7.8,5,3,10.6,9,7.66
6.9,9.8,95.3,90.4,7.22,6.4,6.5,2,1,1.2,4,7.51
2.4,4.1,58.4,42.0,5.09,8.7,3.6,5,2,1.7,4,4.8
1.6,8.3,98.4,62.0,8.99,2.1,1.6,4,1,8.8,9,8.72
8.0,8.2,72.6,54.2,5.49,7.2,6.4,0,4,10.4,8,6.43
5.1,7.7,97.3,66.8,5.31,4.7,1.4,4,0,6.4,8,6.86
1.5,9.9,83.8,44.3,6.79,2.9,1.9,5,7,3.5,3,6.84
10.0,5.9,65.1,97.2,6.89,4.6,2.1,6,4,4.2,8,8.29
1.5,6.0,59.4,53.4,5.25,1.7,4.7,0,3,4.1,4,5.04
7.3,4.5,65.2,95.3,5.58,7.3,6.4,3,5,3.9,8,6.71
9.9,6.7,54.7,65.6,4.98,3.3,2.9,6,2,2.9,5,7.07
3.2,5.6,57.2,99.1,8.17,3.8,1.1,0,0,7.3,9,6.34
2.3,6.1,55.2,73.2,8.47,2.1,4.0,2,1,10.8,9,7.27
2.1,9.0,71.1,95.8,6.68,8.8,6.1,7,2,3.7,7,7.58
3.7,9.6,89.8,40.3,8.14,5.4,2.2,5,1,2.2,4,6.71
1.9,5.1,57.1,84.9,8.27,6.1,2.1,4,3,10.1,7,7.18
7.2,6.2,56.5,94.2,4.8,6.1,7.6,7,5,8.9,7,7.23
1.6,9.6,82.2,48.4,9.6,4.7,7.7,4,7,11.2,4,8.17
5.6,4.4,59.9,45.8,8.76,2.7,7.9,4,7,2.0,5,7.29
10.0,4.6,54.9,65.5,5.19,7.7,6.6,1,0,1.7,3,4.94
8.3,5.0,58.3,96.0,5.08,2.1,1.9,1,3,6.5,2,5.98
6.5,7.6,96.2,72.5,4.73,1.9,2.1,2,3,7.4,3,7.24
3.8,4.9,91.1,71.6,4.8,7.4,3.1,3,5,5.8,8,6.49
6.6,9.8,67.7,48.5,8.34,2.9,2.9,7,3,7.2,6,7.56
5.7,6.7,82.8,40.0,6.72,3.8,7.7,1,3,2.2,10,6.88
4.8,7.0,76.9,88.6,8.54,5.3,6.4,0,1,5.8,4,7.76
2.2,5.5,83.9,45.3,8.33,5.0,5.9,6,6,7.9,3,7.73
9.0,6.8,84.1,78.0,7.51,7.4,1.9,5,4,5.2,5,7.98
5.0,8.0,81.4,94.9,7.98,6.6,7.3,2,1,8.2,3,8.26
2.8,8.5,63.3,52.5,4.11,6.8,6.7,6,7,5.4,8,5.85
4.3,8.5,52.0,79.9,5.81,7.4,1.7,3,5,4.0,7,5.61
4.7,7.5,72.8,44.7,7.7,3.6,7.0,6,2,3.6,9,7.61
8.4,9.4,94.5,76.2,4.05,3.9,2.5,7,5,4.9,6,7.78
7.6,8.9,78.5,49.8,4.19,4.9,1.1,0,5,0.3,3,5.37
7.9,8.5,91.6,84.2,8.94,3.8,5.4,4,5,8.0,5,9.09
1.1,4.3,99.6,58.1,7.97,9.9,5.4,1,5,10.1,2,6.39
4.7,4.0,58.2,67.8,5.54,8.3,1.2,0,3,4.3,3,4.36
5.3,5.3,84.6,76.0,7.99,2.5,2.9,3,5,0.6,5,8.05
1.2,8.0,83.7,50.3,8.6,1.1,7.9,2,2,11.8,7,7.9
3.3,6.5,99.0,84.5,5.78,1.4,5.6,6,5,3.2,5,8.26
7.8,6.4,99.3,58.2,4.21,3.2,6.0,0,1,1.5,5,6.52
2.2,9.3,84.3,79.7,9.41,2.0,2.1,7,3,4.4,3,8.7
5.8,9.4,62.2,49.5,6.0,5.8,1.1,2,7,8.9,10,5.91
2.9,9.5,89.9,81.3,4.62,8.7,2.6,4,1,3.5,9,5.55
1.1,5.9,55.4,47.7,6.85,7.6,2.4,3,7,6.9,9,5.84
3.2,8.1,89.0,65.5,8.46,2.9,2.3,3,3,5.0,6,8.26
9.8,5.6,95.5,54.8,5.29,4.6,1.9,6,1,1.4,4,7.12
8.2,5.1,69.1,84.9,5.56,5.6,4.8,1,7,4.0,7,7.15
9.6,5.1,81.5,55.7,5.41,8.3,3.0,5,0,8.7,10,5.78
5.4,6.1,71.5,92.9,9.75,8.6,6.7,3,4,7.3,9,8.55
2.0,6.6,71.9,93.5,5.14,9.2,1.9,7,4,1.4,8,6.88
5.9,9.0,65.5,51.8,7.34,5.6,4.0,0,3,2.0,9,6.14
5.1,4.7,88.1,76.8,9.37,7.2,0.6,7,0,7.7,5,7.83
8.6,8.4,96.8,45.3,4.85,2.0,4.1,0,2,9.8,7,6.72
1.9,7.2,97.0,63.5,9.63,6.1,0.9,0,0,4.2,6,8.15
5.4,5.7,58.7,82.8,9.5,3.2,7.8,4,6,7.1,3,7.98
2.4,7.0,93.7,79.6,9.13,4.9,6.4,3,3,2.0,9,9.11
3.9,5.8,86.9,77.5,5.24,6.7,4.2,3,0,3.7,4,6.11
7.6,7.6,62.6,57.0,7.68,3.3,1.1,0,2,0.2,6,6.38
5.3,6.6,53.4,62.7,8.41,1.5,4.9,6,3,9.2,9,7.77
4.4,5.0,63.4,46.2,9.72,1.1,6.2,7,4,4.8,10,8.22
4.6,4.7,95.6,83.1,5.05,1.2,1.9,1,5,9.8,10,7.24
5.1,7.3,81.7,70.2,8.44,1.1,4.8,6,0,8.5,6,8.77
8.1,9.4,86.1,82.5,5.97,2.0,6.6,1,4,9.9,3,7.91
9.0,6.1,62.9,54.9,5.02,3.2,6.3,3,4,3.4,8,6.56
9.6,8.4,86.0,59.5,6.44,3.0,6.5,6,1,2.2,8,8.49
8.1,8.0,51.4,60.1,8.6,9.9,7.1,7,2,11.7,9,7.6
3.8,9.6,68.8,41.5,6.7,3.8,7.5,3,6,8.6,9,6.74
7.2,8.9,81.3,60.5,7.12,2.1,3.5,2,5,10.0,6,7.61
4.9,7.4,57.3,88.2,9.77,5.9,4.8,3,0,0.2,2,7.42
3.3,7.9,91.2,93.8,6.31,8.7,6.4,6,4,4.3,5,7.87
8.6,9.4,61.8,71.1,7.57,7.1,5.7,7,4,8.9,5,7.43
1.3,6.4,82.6,67.3,6.12,3.7,8.0,0,6,0.9,4,6.72
9.1,6.0,70.3,41.8,6.28,6.1,0.6,5,2,6.8,9,6.67
5.2,4.1,79.8,92.8,8.03,7.4,3.2,4,5,5.1,4,7.33
6.7,9.0,55.4,40.8,9.44,7.6,2.6,7,7,0.2,6,7.55
6.9,8.8,50.8,96.7,7.15,7.0,2.5,3,5,2.8,3,7.32
9.1,4.6,95.5,69.4,8.46,8.8,2.2,3,6,3.4,7,7.72
6.7,7.5,63.5,60.5,4.52,8.8,5.8,0,4,1.3,7,5.51
6.5,6.8,91.0,95.5,5.22,6.2,1.1,7,4,7.6,9,8.2
1.6,4.7,100.0,41.5,6.91,4.9,6.1,2,4,2.9,9,6.71
5.7,9.9,60.6,74.9,4.12,6.8,5.7,5,4,3.3,2,5.69
2.4,5.3,63.3,72.9,5.47,8.4,2.4,7,7,10.8,6,5.65
7.6,4.4,83.1,53.2,7.0,1.1,2.4,3,1,5.6,3,6.46
5.6,7.6,98.3,65.7,4.09,9.9,5.2,1,1,4.7,6,5.44
7.1,8.4,95.8,79.1,5.53,2.6,6.2,1,6,8.7,10,7.94
1.4,4.2,75.1,83.6,6.98,5.2,7.1,1,5,10.9,5,6.12
1.8,8.0,89.8,40.0,7.32,8.8,6.9,4,3,0.3,9,6.69
7.4,7.2,56.8,96.2,9.37,3.0,7.7,4,7,5.4,2,9.03
1.6,4.6,98.9,49.9,7.74,5.3,4.9,7,7,7.3,9,7.76
1.6,5.0,98.2,54.0,6.41,2.2,7.3,5,0,3.8,7,7.21
1.1,7.4,58.2,55.8,9.4,4.6,6.6,3,2,9.3,9,7.45
9.6,5.8,65.0,42.3,8.55,2.6,7.2,3,3,11.7,7,7.3
7.6,9.6,55.0,47.4,5.16,4.3,0.6,3,1,11.3,4,5.21
4.2,8.9,63.6,99.2,4.76,4.4,7.7,4,1,3.2,9,7.0
3.7,9.9,90.8,58.9,7.92,9.9,4.1,5,1,2.7,6,6.63
4.1,5.6,68.9,46.9,7.25,10.0,6.5,3,3,11.5,6,6.01
8.0,9.8,54.4,46.4,8.58,2.0,1.5,0,7,5.5,8,7.03
7.0,6.6,67.1,83.2,8.29,7.5,3.5,2,1,2.5,7,7.5
2.7,6.1,99.1,91.3,7.63,1.5,2.5,6,3,8.5,10,8.46
2.6,4.3,81.5,55.4,9.72,1.3,2.7,7,1,3.4,8,7.6
1.9,4.3,70.8,41.3,7.09,1.9,1.4,7,4,3.2,4,6.55
6.9,8.2,58.3,53.4,4.66,9.7,6.5,1,7,10.6,6,6.02
7.9,6.7,99.3,43.4,8.8,9.5,0.6,1,4,1.9,10,7.78
3.4,5.4,91.0,46.2,5.46,2.7,2.8,7,0,0.8,3,6.57
1.2,7.7,64.1,65.9,8.51,2.5,1.8,0,7,3.2,2,7.5
1.7,5.5,53.5,53.8,9.55,3.2,4.9,3,1,7.3,9,7.47
9.7,7.5,52.8,71.0,8.04,5.6,2.4,5,6,1.5,9,8.03
3.7,6.2,56.0,55.2,7.46,6.1,2.4,5,0,5.7,3,5.79
7.9,8.9,79.0,96.4,6.67,3.0,4.2,4,3,7.5,9,8.32
6.6,8.9,96.4,94.4,6.11,7.8,5.4,3,0,10.2,6,8.19
4.4,6.9,74.8,74.0,6.05,3.8,1.4,5,1,2.8,3,6.43
2.9,6.1,92.1,61.3,7.69,9.3,1.8,3,3,9.8,8,6.8
2.1,6.2,72.3,62.9,8.36,6.9,2.4,1,6,2.8,8,6.67
6.5,8.8,85.4,64.7,7.94,4.9,7.8,6,3,8.1,4,8.35
8.0,6.0,86.6,83.7,5.15,8.1,3.5,6,4,5.2,2,6.84
6.8,5.3,58.7,67.1,6.87,8.4,5.0,6,3,1.4,5,6.52
5.8,4.5,68.1,91.4,8.59,3.6,2.3,1,3,8.6,3,6.61
1.4,6.8,81.9,96.6,6.76,4.1,4.2,4,0,2.6,5,7.57
9.7,6.9,53.5,60.2,7.11,9.4,1.1,6,6,2.1,9,7.41
8.2,9.0,68.1,73.6,8.47,2.5,0.8,1,5,4.3,3,7.56
3.6,5.3,76.7,45.7,7.84,1.4,4.0,3,3,7.8,2,6.7
9.8,6.3,99.8,52.0,6.37,5.1,3.5,6,2,2.8,4,7.77
6.4,8.9,73.7,64.8,9.19,8.2,1.5,0,5,2.2,8,7.35
6.2,8.9,90.8,52.4,4.94,7.9,5.7,4,4,0.1,7,6.64
7.7,6.3,71.6,92.6,9.77,9.3,7.9,0,6,5.7,7,8.65
8.3,6.8,89.8,49.5,4.69,5.8,3.5,7,6,5.1,8,7.81
6.9,5.8,79.8,67.3,4.09,1.9,5.2,3,7,2.8,9,6.96
2.2,9.6,94.3,76.3,9.16,6.3,7.7,4,4,0.6,4,8.19
4.0,4.7,70.5,81.5,5.42,8.0,6.7,0,3,5.2,4,5.72
9.4,9.6,80.2,63.0,8.23,1.8,4.0,4,0,9.5,9,7.63
3.0,8.1,81.5,92.1,8.7,2.6,6.0,3,5,8.6,8,8.44
4.3,7.2,70.9,74.1,8.98,1.1,1.5,7,7,10.3,6,8.92
4.9,4.2,57.2,66.4,9.75,6.3,4.3,5,4,0.1,5,7.16
5.0,6.9,54.7,44.0,5.71,9.0,2.6,6,4,11.6,7,5.61
6.5,6.4,50.8,67.9,8.12,7.0,1.7,7,2,4.1,10,7.14
9.5,5.0,93.7,89.2,4.67,9.8,3.7,4,3,11.9,7,6.59
3.2,7.9,61.8,76.9,6.36,1.6,1.5,6,7,3.0,9,7.48
2.1,9.8,60.6,89.9,8.92,9.1,5.7,7,5,5.7,2,7.57
2.8,7.4,86.8,69.6,6.13,8.3,3.9,6,4,4.2,7,6.91
9.0,8.3,66.0,47.1,7.43,3.8,4.5,5,6,4.3,3,7.62
6.8,4.4,75.3,40.8,6.92,9.8,1.6,3,4,10.1,4,5.19
3.6,6.5,58.1,58.2,7.75,3.6,1.5,4,4,9.0,7,6.64
8.3,4.7,98.0,81.9,9.64,9.0,4.9,4,4,11.9,3,8.55
8.8,7.7,92.6,87.4,4.32,8.9,7.9,5,7,7.4,5,7.7
8.6,9.6,93.2,57.7,7.33,7.8,1.2,1,0,5.6,7,6.66
9.3,8.0,70.3,69.7,9.01,6.1,2.6,5,1,1.1,6,7.69
3.3,4.5,88.1,65.3,6.79,2.1,7.0,5,2,12.0,7,7.05
7.8,6.1,57.2,64.6,4.46,5.8,1.0,5,6,6.6,7,6.45
5.1,7.3,50.4,53.9,7.25,4.2,7.1,3,0,8.4,9,7.29
8.6,6.4,51.0,48.2,5.93,8.1,4.4,7,2,4.9,10,5.9
7.6,9.0,79.3,51.8,4.9,7.8,3.6,2,4,6.6,6,5.97
8.0,8.9,72.8,43.3,8.92,9.2,2.8,5,7,11.3,7,7.76
6.9,7.7,75.9,51.9,7.03,1.1,2.7,4,2,2.0,7,7.25
2.6,6.2,50.4,40.6,9.41,8.3,2.8,0,3,3.5,7,6.09
5.9,5.5,71.1,77.6,8.67,9.4,7.1,1,3,1.8,3,6.76
9.9,4.6,85.9,59.0,8.02,8.1,5.9,5,1,9.5,5,7.28
9.4,6.1,72.1,98.4,4.03,2.2,5.5,5,1,0.7,2,6.99
1.4,6.5,86.6,51.6,6.48,1.7,6.5,1,2,1.0,2,6.86
2.5,8.1,61.7,60.7,5.15,1.2,2.4,5,0,3.6,2,5.62
2.2,7.9,90.7,61.5,9.28,6.7,5.1,4,0,6.2,8,7.79
7.5,4.4,79.4,40.5,5.01,6.7,4.0,2,4,4.9,2,5.46
8.4,6.4,60.5,90.4,5.66,9.9,6.4,5,0,0.5,7,6.35
2.9,5.1,61.8,41.9,7.0,4.6,2.8,1,1,11.5,3,5.22
5.6,4.9,81.4,96.4,5.53,4.0,5.3,5,0,11.4,7,6.68
8.6,9.0,91.5,93.5,5.22,6.6,7.1,3,4,3.4,7,7.55
7.6,4.3,70.8,72.1,7.47,8.4,3.5,4,3,8.8,4,6.49
5.9,6.5,62.9,72.6,4.52,9.4,1.0,4,0,6.9,9,5.18
6.3,5.0,93.4,79.2,4.34,8.2,4.4,2,0,2.8,5,5.65
5.6,9.3,83.5,63.2,6.16,4.8,3.1,7,1,3.1,8,7.37
3.7,7.3,72.4,78.8,8.18,6.7,5.5,3,2,5.9,5,7.3
6.1,5.4,74.4,42.7,7.22,8.7,7.6,3,3,5.0,2,6.42
7.2,7.0,60.2,43.2,6.45,5.4,4.1,2,7,3.5,7,6.78
8.9,8.4,81.3,67.4,7.28,3.0,4.0,6,2,9.7,6,8.41
6.7,9.7,67.9,73.0,6.12,2.5,5.4,6,7,5.8,10,8.24
7.9,5.3,99.8,93.3,9.43,1.0,1.3,7,4,7.9,10,9.99
2.4,9.3,74.0,46.3,4.32,7.5,2.4,0,4,2.3,9,5.3
5.2,9.6,74.3,89.4,7.91,2.0,7.4,7,2,6.4,8,8.8
1.1,9.5,78.3,52.6,9.17,3.2,5.5,6,1,3.8,3,7.37
3.2,7.8,95.8,63.6,8.66,3.7,0.6,7,5,6.3,9,9.21
7.5,7.8,90.0,59.0,5.07,6.0,2.0,5,7,9.4,4,7.38
9.9,6.4,72.6,64.0,5.72,4.6,5.6,3,1,9.2,7,6.93
1.9,8.5,85.9,49.0,8.16,7.1,6.2,7,5,4.3,8,8.0
4.6,7.2,79.3,70.2,4.49,1.5,6.8,0,5,8.3,7,7.09
8.2,8.1,74.6,88.1,8.71,2.1,2.7,0,1,11.3,6,8.18
2.8,6.6,59.6,66.5,8.17,5.5,7.5,4,5,7.5,5,7.91
6.0,8.4,73.2,69.4,8.23,4.0,4.6,5,5,1.8,3,8.43
7.6,8.9,62.3,90.9,4.58,3.7,5.7,4,5,8.2,10,7.51
6.5,4.9,95.7,82.4,8.16,1.6,5.0,1,3,1.3,8,7.96
2.7,9.0,66.8,69.4,7.94,9.1,1.4,6,4,10.5,8,6.89
4.2,7.2,97.6,55.5,8.82,7.2,7.7,4,5,6.2,5,8.44
8.1,9.1,76.7,93.1,4.24,2.1,1.4,3,4,4.6,6,7.21
6.0,6.6,81.6,74.6,4.13,1.6,2.4,3,6,0.7,7,7.22
1.0,6.3,77.1,53.3,6.16,9.8,6.6,5,4,4.6,3,6.13
7.8,9.5,56.5,56.1,4.86,7.1,5.1,0,6,10.8,5,5.51
1.3,5.5,68.8,88.2,7.24,4.8,6.8,3,3,0.3,5,7.26
7.7,9.1,55.0,42.6,9.32,7.3,4.4,6,4,5.7,5,7.11
2.8,6.9,81.1,99.5,6.27,7.8,3.3,4,2,11.2,8,7.68
9.6,7.1,72.3,47.8,8.9,8.0,7.4,6,0,4.7,8,7.41
4.3,5.9,88.9,87.8,4.0,5.3,0.8,7,3,5.1,8,7.36
3.9,7.4,61.0,63.7,4.98,4.9,6.9,4,0,6.9,8,6.15
2.3,6.0,58.2,69.5,4.18,1.1,2.2,5,2,5.6,3,5.84
3.8,4.2,70.3,92.8,5.9,9.3,6.9,7,1,2.0,6,6.29
8.9,5.6,96.3,64.8,9.27,6.4,1.5,6,1,0.2,3,8.36
10.0,4.0,85.5,72.2,4.56,2.8,4.9,4,5,7.3,6,6.98
4.3,9.9,70.9,43.0,7.52,9.3,7.2,6,7,11.0,7,7.09
5.0,9.8,75.9,40.1,6.62,9.2,4.1,2,1,1.3,4,5.24
7.5,6.4,54.2,54.7,9.44,9.9,6.1,5,3,2.5,7,7.59
9.0,8.4,99.2,80.8,4.71,8.9,6.5,5,1,4.4,6,7.06
6.3,6.1,83.3,47.3,5.23,10.0,6.0,3,3,9.7,5,5.93
4.5,8.0,64.3,46.8,4.17,3.2,7.4,5,3,3.2,10,6.66
4.7,8.8,79.3,64.7,6.52,8.6,3.9,1,0,10.6,9,6.41
7.3,9.7,55.5,78.9,5.61,8.4,1.8,3,1,0.7,8,5.77
1.0,6.4,98.3,82.7,9.05,3.1,0.9,3,4,11.3,2,8.21
6.6,8.7,58.7,50.7,7.51,1.9,2.3,7,6,6.7,10,8.09
4.2,5.6,82.4,44.8,7.56,9.8,1.6,7,1,7.9,10,6.46
8.1,9.9,62.3,96.4,7.09,3.7,4.7,6,1,4.4,7,8.16
1.8,4.2,85.9,55.6,4.53,8.8,1.9,2,1,9.4,8,4.47
6.3,7.6,88.8,91.2,6.58,1.0,0.8,3,5,2.0,4,7.75
5.3,8.0,83.7,91.8,9.8,1.2,0.8,7,4,0.6,6,9.22
6.8,8.1,80.7,86.4,8.84,5.2,6.7,0,4,4.7,8,8.53
1.6,4.7,94.6,50.1,9.18,3.1,4.9,4,3,10.2,2,7.52
6.2,9.6,53.9,89.3,8.77,7.2,3.2,4,4,9.1,2,7.7
6.1,5.1,66.5,86.2,4.6,6.1,7.2,5,3,6.2,6,6.24
6.0,7.7,62.4,75.8,5.32,1.7,1.0,6,6,6.9,10,7.51
6.4,5.3,99.4,60.2,4.02,2.5,7.9,2,0,1.6,8,6.35
7.1,5.8,69.5,55.8,5.76,4.5,5.1,4,3,10.1,2,6.36
8.2,7.3,86.6,47.3,4.63,2.7,1.9,0,1,9.4,6,6.6
3.4,6.5,84.2,70.6,6.74,8.1,5.6,2,2,7.9,9,6.62
8.4,5.0,60.6,75.1,7.93,4.7,6.2,1,7,5.6,9,7.8
5.5,5.0,61.9,61.6,9.07,1.8,3.7,4,2,11.6,3,7.29
1.7,6.5,64.1,68.5,8.35,5.4,7.0,3,5,10.5,8,7.56
1.5,8.5,70.6,61.8,9.44,1.8,1.6,0,1,7.7,6,7.17
4.0,9.4,61.7,78.5,4.31,2.2,2.6,6,7,4.5,10,6.63
8.1,4.5,51.0,94.1,4.07,3.2,1.2,6,3,7.4,4,6.38
7.4,6.4,94.0,49.8,7.84,8.7,2.1,0,1,6.9,2,6.98
8.1,4.6,98.3,62.9,5.68,9.3,2.3,4,7,4.7,5,6.76
5.7,4.1,67.1,48.5,5.47,8.4,7.4,7,5,3.7,8,6.53
5.0,8.0,66.9,77.5,5.92,4.0,1.1,7,4,4.9,2,7.05
2.3,7.6,50.4,83.7,5.56,3.5,3.7,5,3,6.9,3,6.55
4.0,5.0,84.0,95.9,6.97,5.9,4.5,1,6,5.1,6,7.74
4.9,5.4,91.3,56.7,6.55,7.5,7.2,3,1,3.2,10,6.75
1.8,4.1,57.3,97.0,6.97,9.9,8.0,1,4,9.1,2,5.13
3.0,9.0,58.0,43.8,7.9,2.2,6.2,1,7,6.4,5,6.46
6.4,9.8,89.5,76.2,6.25,1.4,7.8,4,5,0.8,4,8.45
7.6,4.8,80.8,43.4,5.46,7.2,6.4,3,4,4.4,6,5.94
10.0,5.4,52.2,93.6,4.96,8.5,7.7,4,3,10.6,6,6.43
9.4,9.2,81.1,71.8,6.03,8.6,5.8,4,5,9.1,3,6.89
6.8,9.6,65.4,80.2,8.3,7.1,1.1,5,5,3.9,6,7.75
4.8,6.5,68.4,89.9,8.39,9.6,3.5,0,5,11.3,10,7.15
6.7,4.3,88.5,49.0,7.87,5.6,5.3,6,7,0.9,6,7.55
8.1,4.2,90.5,42.3,5.36,9.2,3.1,5,0,11.5,3,5.33
2.1,7.4,70.0,92.7,7.41,9.7,2.6,6,5,2.9,8,7.22
4.7,6.4,97.4,58.9,7.31,8.6,4.8,5,0,0.1,7,7.22
8.6,4.2,70.3,47.7,6.81,3.8,7.5,4,4,5.2,8,7.21
4.5,7.5,88.6,68.1,7.19,2.8,0.8,5,6,4.3,9,8.46
6.1,4.1,74.2,75.9,6.85,5.9,6.3,6,0,6.5,6,6.65
6.3,8.7,94.9,41.9,7.28,5.1,5.9,5,4,9.6,3,7.76
2.7,5.8,95.4,56.5,8.15,8.9,7.7,2,0,10.1,8,6.9
4.3,4.2,54.4,42.0,4.64,1.9,7.5,3,4,4.8,8,5.7
4.0,7.5,96.8,65.2,8.35,3.3,6.2,0,4,5.2,9,8.19
1.2,6.4,91.3,93.7,4.79,7.8,4.4,6,7,1.8,8,7.54
1.2,9.8,89.6,99.0,4.39,1.9,2.0,3,6,0.6,8,7.06
8.5,7.3,60.0,78.2,9.66,3.9,4.6,0,5,7.7,10,8.78
3.5,5.7,90.3,49.7,9.55,4.5,6.2,7,6,0.8,9,9.24
5.7,8.3,92.5,94.4,4.35,6.6,7.2,2,6,8.8,3,7.31
3.7,5.6,64.5,71.0,6.57,2.4,6.4,4,5,6.5,3,7.15
9.5,9.4,97.6,49.2,5.08,8.7,2.0,7,4,2.4,8,7.12
3.3,6.2,52.5,95.3,6.82,5.0,5.0,6,5,6.5,4,6.81
4.9,7.3,57.5,85.4,8.82,9.3,3.0,7,4,2.2,2,7.17
8.9,4.3,76.9,83.9,9.51,5.2,0.6,0,5,5.3,10,7.65
8.6,6.6,78.8,82.6,7.68,3.5,2.0,0,7,9.6,4,7.97
2.7,9.0,82.3,52.0,6.05,2.3,1.3,0,2,5.5,2,5.55
8.2,8.8,50.8,52.7,7.5,1.0,6.8,2,0,1.8,7,6.96
5.1,5.3,98.0,81.3,5.81,5.8,2.4,7,6,8.7,5,7.82
5.3,5.4,52.2,53.2,9.28,2.0,2.6,3,4,2.2,2,6.9
2.2,8.9,57.2,66.3,9.05,4.5,7.7,2,1,8.9,5,6.73
1.7,9.6,50.7,86.9,7.24,6.3,3.3,0,5,5.8,9,6.22
7.6,4.6,78.3,87.0,5.88,3.5,0.6,5,5,5.4,8,6.7
5.5,6.7,96.6,67.2,5.7,2.6,2.6,0,3,10.2,2,6.88
4.9,6.0,83.3,87.5,4.19,8.0,1.4,5,1,8.5,10,6.38
7.6,9.2,91.1,90.3,8.73,9.5,1.3,4,1,0.4,7,7.99
7.9,4.5,50.7,79.3,6.61,1.9,1.1,2,7,3.6,3,6.06
2.4,5.3,77.1,53.7,5.89,2.4,4.9,5,6,10.5,4,6.86
6.5,8.5,73.0,56.4,6.73,9.6,1.9,2,2,0.2,8,5.9
2.2,4.3,74.9,58.9,8.75,1.3,3.2,1,0,6.5,4,6.0
7.8,7.0,53.6,47.0,4.72,9.8,7.0,3,2,8.7,4,5.39
6.9,6.7,84.2,56.4,8.97,1.0,3.7,1,0,7.5,6,8.28
9.6,6.0,75.2,52.6,9.21,8.9,7.4,5,4,9.1,4,8.01
1.6,6.4,88.3,67.3,9.49,3.8,4.2,1,6,8.7,4,7.98
1.5,7.2,74.3,94.5,6.31,9.4,3.5,7,2,8.3,6,7.04
3.5,5.0,57.5,46.3,5.26,3.9,6.1,6,3,9.9,6,6.07
